User Id,Name,Screen Name,Created At,Followers,Following,Favorites,Tweets,Lists,Language,Bio,Location,URL,Timezone,UTC Offset,Verified
377609596,Eric Swalwell,ericswalwell,Wed Sep 21 21:00:22 +0000 2011,95846,4287,3591,6294,1567,,"Dad | Husband | Presidential Candidate who is ready to go big, be bold, and do good to create a better future for YOU and for America.","East Bay, California",https://t.co/Kkj8u2CNKR,,,1
892491627088011264,Max Rose,MaxRose4NY,Tue Aug 01 21:06:00 +0000 2017,21191,392,405,2113,287,,"The proud Congressman for #NY11. Staten Islander, veteran, and massive fan of Pitch Perfect.",Staten Island,https://t.co/jjm4mgJmYG,,,1
1262017122,Abby Finkenauer,Abby4Iowa,Tue Mar 12 13:51:32 +0000 2013,22003,518,1661,2369,362,,Congresswoman from Iowa’s 1st Congressional District #ia01 Former State Rep for IA House District 99. Paid for by Finkenauer For Congress.,"Dubuque, IA",https://t.co/E9Q9RBGkg1,,,1
36764306,Libby Casey,libcasey,Thu Apr 30 20:33:51 +0000 2009,7901,7209,5889,6719,291,,"On-air video reporter of politics + accountability at The Washington Post. Listener, storyteller. Former Alaska reporter. DC, AK, NY, PA","Washington, DC",https://t.co/0jf6WvyCWY,,,1
15976705,Amy Siskind 🏳️‍🌈,Amy_Siskind,Mon Aug 25 02:52:25 +0000 2008,362438,298,48093,56486,3865,,"Activist, feminist, author. The Weekly List website, podcast https://t.co/tMr9QbCrKm & book THE LIST. POLITICO 50. President @TheNewAgenda. Fmr Wall St exec.",New York,https://t.co/rSgrr8d7ky,,,1
18208368,Kurt Bardella,kurtbardella,Thu Dec 18 04:02:37 +0000 2008,22055,3328,27944,48661,317,,"Creator/Writer #countrymusic email @MorningHangover ...@USAToday @NBCNewsTHINK Contributor, fmr @GOPOversight Spokesperson...Read @OurDailyPlanet","Arlington, VA",https://t.co/RcPNm8FLpb,,,1
17513304,Erik Paulsen,ErikPaulsen,Thu Nov 20 15:28:22 +0000 2008,20025,3106,53,5592,1191,,,Minnesota,https://t.co/7IDoW8Ah9W,,,1
892807102917464064,Amber Gustafson,AmberForIowa,Wed Aug 02 17:59:35 +0000 2017,2173,579,8375,4516,31,,Sm Biz Owner - Farm Kid - Yogi - Political Junkie - SciFi Fan @ISU_GSJC '99 @drakeuniversity '21 Fmr: IA Chapter Leader @MomsDemandAction & IA SD19 Candidate,"Ankeny, IA",,,,1
121597316,San Francisco Chronicle,sfchronicle,Wed Mar 10 00:44:07 +0000 2010,175585,223,2656,109482,3132,,"The Voice of the West, home to the Bay Area’s best journalism.","San Francisco, CA",https://t.co/CV0gqM16Hp,,,1
18993395,ABC7 News,abc7newsbayarea,Wed Jan 14 20:20:22 +0000 2009,541309,25125,4559,335393,4828,,"#1 source for breaking news, weather, and sports in the Bay Area. Share photos, vids and tips by tagging tweets #abc7now. You may see them here or on ABC7 News!",San Francisco Bay Area,http://t.co/2kLV4sehau,,,1
18674498,Dan Kildee,dankildee,Tue Jan 06 13:39:10 +0000 2009,4674,1919,121,1436,157,,Fighting for Michigan.,Michigan,https://t.co/MhchT7hPEC,,,1
19076678,Dave Price,idaveprice,Fri Jan 16 17:39:47 +0000 2009,8145,1109,1018,20931,381,,"Believer,Hayden & Lyla's dad,Emily's hubby,WHO-TV political director/anchor,The Insiders host, Caucus Chaos Trump author.Tweets =my own.","Des Moines, Iowa",https://t.co/WJXxsQNCmn,,,1
2940964728,Iowa Starting Line,IAStartingLine,Tue Dec 23 16:50:35 +0000 2014,19776,1991,5254,34273,504,,Your home for Iowa Caucus and Iowa politics news and analysis. Founded in 2015 by former IA Dem staffer @patrynard.,,https://t.co/DpEAYnDMWv,,,0
28395645,Tom Arnold,TomArnold,Thu Apr 02 18:56:42 +0000 2009,255306,1702,61576,46040,2836,,Iowa Hawkeye Co-Creator Jax & Quinn #Resist,Los Angeles,https://t.co/SZYnT8I12S,,,1
15939889,Barbara Boxer,BarbaraBoxer,Fri Aug 22 01:39:19 +0000 2008,120912,583,23,3736,3447,,Former Democratic U.S. Senator from California. Ads by PFAC.,"California & Washington, DC",https://t.co/JjmOUV4w0x,,,1
63013144,Sarah Reese Jones,PoliticusSarah,Wed Aug 05 03:00:35 +0000 2009,66156,5441,47990,108442,1421,,"Boss at 💯% people-powered @PoliticusUSA SAG/AFTRA “Scandalous trash"" ~ Rick Perry *Bookings@politicususa.com*","Pennsylvania, USA",https://t.co/FBTMDRRAXq,,,1
3243006365,Jessica Morse,Morse4America,Sat May 09 05:36:23 +0000 2015,27223,11579,10143,1949,212,,"Avid backpacker, 5th generation Californian & national security strategist.","Pollock Pines, CA",https://t.co/9tQ7sSywX0,,,1
52551600,Jim Carrey,JimCarrey,Tue Jun 30 22:58:44 +0000 2009,18393935,1,8,4490,58287,,The ONLY official social media account for Actor Jim Carrey!,Los Angeles,,,,1
826472694426255361,Town Hall Project,townhallproject,Tue Jan 31 16:50:20 +0000 2017,46814,611,2326,6550,584,,"Town Hall Project empowers constituents to have face-to-face conversations with lawmakers. Lawmakers, it's time to #DoYourJob and meet the people you work for.",USA,https://t.co/RIexsj5wZk,,,1
2302362158,Dean Wallace,deanofdublin,Tue Jan 21 02:39:23 +0000 2014,774,2623,13547,5841,9,,"Dist Director, Assemblywoman @BuffyWicks|Immigrant|@CA_Dem Delegate|Alum:@repswalwell/@stanford|Born:Dub,IRL☘️|Live:DubCA|1/2🇲🇽|Eliza my🐕|#FieldMatters🏳️‍🌈",Bay Area,https://t.co/x60eaL7Yo3,,,0
1915033663,David Hogg,davidhogg111,Sat Sep 28 18:48:33 +0000 2013,971379,1650,10838,7723,3708,,"Good at protesting, bad at spelling | He, Him, His 

@AMarch4OurLives Co-Founder 


contactdavidhogg@gmail.com","Parkland , FL",https://t.co/RDsZj8Gq8t,,,1
130496027,Jon Favreau,jonfavs,Wed Apr 07 13:10:43 +0000 2010,1170802,1428,13752,29822,10086,,I used to write speeches now I host pods.,"Los Angeles, CA",https://t.co/sE1eVDOig4,,,1
7172432,Greg Palmer 🏳️‍🌈,gregpalmer,Sat Jun 30 15:16:03 +0000 2007,6426,1121,36773,65566,398,,"Director of Product @wordstream helping small businesses grow. Used to work for the govt. Foodie, wino, gamer, gay, Italophile, Housewives, wanderlust.","Boston, MA, USA",https://t.co/ypeclUseQ3,,,0
19088288,Pat Fuller Ω #ReadTheMuellerReport,bannerite,Fri Jan 16 22:15:51 +0000 2009,88196,70504,161305,757514,945,,"#SWATT #stophate (wife, mother, grandma) #ACLU #StopSeparatingFamilies #DemsWork4USA Anti-GOP #Resist #DemForce #46 #91 #17 🏳️‍🌈","Illinois, USA",https://t.co/00jCTZH5iD,,,0
26270913,Golden State Warriors,warriors,Tue Mar 24 16:42:22 +0000 2009,6222183,942,11361,83084,10395,,🏆🏆🏆🏆🏆🏆 • #DubNation • #WarriorsGround,"Oakland, CA",https://t.co/Z122zHL6yV,,,1
39469575,Porter Anderson,Porter_Anderson,Tue May 12 09:56:28 +0000 2009,17609,1968,2079,171769,1199,,@LondonBookFair Intl Excellence Award | @PubPerspectives Editor-in-Chief | @HotSheetPub Co-Owner | Formerly with: @CNN @CNNI @VillageVoice @WFP @TheBookseller,,http://t.co/gO4iueqhlu,,,1
250386727,Everytown,Everytown,Fri Feb 11 00:24:16 +0000 2011,225303,8446,44138,19391,1898,,Everytown for Gun Safety is a movement of Americans working together to end gun violence and build safer communities.,,https://t.co/ytCphRec4I,,,1
912759481766957057,Outnumbered Overtime,OutnumberedOT,Tue Sep 26 19:23:13 +0000 2017,12244,398,114,2016,74,,Watch weekdays at 1p ET on Fox News Channel.,"New York, NY",https://t.co/cYAj6p6Ubm,,,1
14676022,DCCC,dccc,Tue May 06 17:19:14 +0000 2008,224818,58508,234,14481,4247,,DCCC • Committed to electing Democrats to the U.S. House of Representatives,"Washington, DC",http://t.co/aScJPmCO,,,1
1327837267,Heather Holmes,HeatherKTVU,Thu Apr 04 21:16:58 +0000 2013,12292,1486,8712,10647,296,,"Texas gal, turned New Yorker now settled in San Francisco. @KTVU Anchor. In pursuit of a good story & fabulous shoes! #FabShoeFriday",San Francisco ,https://t.co/x883641OnV,,,1
34310801,The Situation Room,CNNSitRoom,Wed Apr 22 16:01:45 +0000 2009,495830,925,1095,25572,2686,,From the staff of The #SitRoom w/ @WolfBlitzer. Tune in from 5-7pm ET weekdays on @CNN.,Washington ,http://t.co/9Ohl84xOrq,,,1
223970563,Neil Cavuto,TeamCavuto,Tue Dec 07 20:30:01 +0000 2010,624257,200,77,10732,3669,,"The Official Twitter Account for all things Neil Cavuto, handled by his staff. Catch Neil: M-F 12PM - 2PM ET @FoxBusiness, M-F 4PM ET &
Sat 10AM ET @FoxNews","New York, NY",https://t.co/HGcLXVW04g,,,1
44727869,Alameda CC Food Bank,ACCFB,Thu Jun 04 21:22:16 +0000 2009,4104,1354,2567,6735,233,,Alameda County Community Food Bank serves 1 in 5 residents & works to change systems that create poverty so everyone in our community can achieve a better life.,"Oakland, CA",http://t.co/hmxAs2qVj6,,,0
1651522832,Dr. Dena Grayson,DrDenaGrayson,Tue Aug 06 23:34:40 +0000 2013,163515,311,149937,58209,933,,"Patriotic liberal. Former Democratic candidate for U.S. Congress, physician (MD) and scientist (PhD). ""Brain dead moron"" per Trump trolls.",Florida,https://t.co/5BmBFaFyit,,,1
904502504,Ana Hernandez,AnaHdzTx,Thu Oct 25 19:17:36 +0000 2012,7743,1672,3199,2791,177,,"Texas State Representative, District 143",,,,,0
180107694,Kaitlan Collins,kaitlancollins,Wed Aug 18 21:21:08 +0000 2010,212354,521,41,8606,2662,,Covering the White House for CNN,"Washington, D.C.",,,,1
16815644,ABC News Politics,ABCPolitics,Thu Oct 16 22:43:16 +0000 2008,754475,476,72,127215,6357,,Reports from @ABC News' political team.,"Washington, DC",https://t.co/SO3M0qceOH,,,1
205864193,Hardball,hardball,Thu Oct 21 19:32:51 +0000 2010,436796,765,479,53986,2345,,Hardball with Chris Matthews is hosted by @HardballChris. Like us on Facebook and follow us on Instagram. Join the conversation with #Hardball.,"Washington, D.C.",https://t.co/AyDhXmdr7s,,,1
26642006,Alyssa Milano,Alyssa_Milano,Thu Mar 26 00:34:20 +0000 2009,3590610,4143,22639,57735,37487,,🇺🇸 Check out @sorrynotsorry @PatNotPart and @NoRA4USA Please follow my other accounts for career updates @AlyssaDotCom @TouchByAM #NoRA,Los Angeles,https://t.co/DOhhBYiEHZ,,,1
22771961,Jim Acosta,Acosta,Wed Mar 04 13:48:04 +0000 2009,1250822,3916,9457,32044,9047,,"CNN's Chief White House Correspondent. I believe in #realnews. ""The Enemy of the People: A Dangerous Time to Tell the Truth in America"" on sale now.","Washington, DC",https://t.co/vRiHS21vus,,,1
51547100,RAICES,RAICESTEXAS,Sat Jun 27 20:30:58 +0000 2009,148640,2477,12855,9333,752,,"The largest immigration legal services non-profit in Texas, focusing on under-served immigrant children, families & refugees.","San Antonio, TX",https://t.co/y51fRA1bHY,,,1
945745755339411460,Velshi & Ruhle,VelshiRuhle,Tue Dec 26 19:58:53 +0000 2017,23463,87,685,2449,173,,Velshi & Ruhle with @AliVelshi & @SRuhle airs Mon-Fri at 1pm ET. Also see Stephanie at 9am & Ali at 3pm.  Only on @MSNBC.,"Manhattan, NY",https://t.co/33Fo5LrQHn,,,1
32871086,Kyle Griffin,kylegriffin1,Sat Apr 18 12:45:48 +0000 2009,589501,890,38532,50555,6955,,Producer. MSNBC's @TheLastWord. Opinions mine. Do not congratulate.,"Manhattan, NY",https://t.co/lgyZmnczMB,,,1
14529929,Jake Tapper,jaketapper,Fri Apr 25 17:23:28 +0000 2008,2075700,7575,24904,194863,21930,,CNN Anchor of @TheLeadCNN and @CNNSOTU and Chief Washington Correspondent; author of the NYT best-selling novel @TheHellfireClub and non fiction @TheOutpostBook,,https://t.co/MMatLD6M20,,,1
500492761,Dave Kaval,DaveKaval,Thu Feb 23 05:47:43 +0000 2012,20471,1218,15920,13277,272,,"Official Twitter account of Oakland Athletics President Dave Kaval ⚾️ Bay Area, CA","Oakland, CA",https://t.co/lTaIKRIa4k,,,1
36712233,Bess Kalb,bessbell,Thu Apr 30 17:01:15 +0000 2009,216033,888,30889,10909,1744,,I write for a TV show and awards shows and I have a book coming out from Knopf and my stomach hurts.,LA,https://t.co/twz92VHM3E,,,1
37590426,Hallie Jackson,HallieJackson,Mon May 04 04:04:21 +0000 2009,388781,1828,10057,15037,3778,,"Chief White House Correspondent / @NBCNews / @MSNBC Anchor / 10aET / snap: hallienbc. insta: hallie_gram / yes, I know I talk too fast.",,https://t.co/8xx8pxDeCQ,,,1
33267001,"𝚂𝚑𝚊𝚒𝚗 𝙴. 𝚃𝚑𝚘𝚖𝚊𝚜, 𝙼.𝚂𝚌.",ShainEThomas,Sun Apr 19 18:11:15 +0000 2009,6097,4570,67645,159805,389,,Freelance Journalist. Member: @NLGJA @SPJ_Tweets. Current: @harshlightnews @Medium @HVYCom. Precious: @NTDaily @TCU360 | Tweets are my own | RT≠endorsement,United States,https://t.co/RyGoRlRITz,,,0
745372686596120576,Stephanie Murphy,SMurphyCongress,Tue Jun 21 21:47:51 +0000 2016,5594,928,234,1086,204,,Campaign account for U.S. Congresswoman Stephanie Murphy -- Fighting for families in Seminole & Orange Counties. Join us! #FL07 #TeamMurphy,"Winter Park, FL",https://t.co/L7pia3uwpD,,,1
820362164850540544,WoodburyDems,Demswoodbury,Sat Jan 14 20:09:16 +0000 2017,365,211,112,450,5,,,,,,,0
42389136,Reverend Al Sharpton,TheRevAl,Mon May 25 11:20:04 +0000 2009,569510,239,1099,27207,5436,,"Baptist Minister & Political, Civil Rights, and Social Justice Activist","New York, NY",https://t.co/oygOdFS074,,,1
887704019296276482,J.D. Scholten,JDScholten,Wed Jul 19 16:01:45 +0000 2017,107499,97901,17457,4197,468,,Iowa born and raised. Former ⚾️ player & 2018 Democratic candidate for Congress against Steve King in #IA04.      Board member of @_OneCountry_,"POB 3531 Sioux City, IA 51102",https://t.co/omZPq72UiX,,,0
394741838,Richard Trumka,RichardTrumka,Thu Oct 20 15:15:24 +0000 2011,65293,1951,190,6224,814,,"President of the @AFLCIO. Proud husband, dad, grandpa, and @MineWorkers member. Fighting to give everyone a voice on the job. #1u",,https://t.co/s4d9ldZLs5,,,1
91180720,Maddow Blog,MaddowBlog,Thu Nov 19 20:06:48 +0000 2009,944886,868,43,21854,9061,,Rachel Maddow and her staff have a blog. This is its voice on Twitter.,New York City,http://t.co/S4bi1oCj3l,,,1
17112878,State of the Union,CNNSotu,Sun Nov 02 10:52:24 +0000 2008,169299,657,175,16997,1788,,From the staff of CNN's State of the Union with @JakeTapper. Watch Sundays at 9a ET on @CNN & @CNNi + 12p ET on @CNN. Always on @CNNgo! #CNNSOTU,"Washington, D.C.",https://t.co/eBi9jSp7W6,,,1
426028646,John Delaney,JohnDelaney,Thu Dec 01 19:06:13 +0000 2011,25435,2558,1396,8019,1291,,Blessed w/ 4 great girls & to be married to April. Blue collar kid/successful entrepreneur/CEO/Congressman. 2020 campaign on jobs/solutions/ideas/unity/decency,"Washington, DC",https://t.co/adwduLgncX,,,1
969332901480296448,DickinsonDemsIA,DickinsonDemsIA,Thu Mar 01 22:05:47 +0000 2018,96,183,32,68,0,,The @IowaDemocrats of Dickinson County. #RuralDemocrats #BlueWave #2018Midterms,"Dickinson County, Iowa",https://t.co/plbkP1BlX2,,,0
15259258,Casey Tolan,caseytolan,Sat Jun 28 00:29:40 +0000 2008,5303,2250,5239,7783,192,,"Politics reporter for @MercNews/@EastBayTimes, covering California & the Trump administration. Formerly national reporter at Fusion. ctolan@bayareanewsgroup.com","Oakland, CA",https://t.co/Bv7nXoh3X6,,,1
731132367058968576,AM Joy w/Joy Reid,amjoyshow,Fri May 13 14:41:54 +0000 2016,431076,2031,1004,19514,2202,,"@JoyAnnReid hosts 'AM JOY' every Saturday and Sunday, 10 am-12 pm ET on @MSNBC. Follow the stimulating conversation on #AMJoy. Find Joy on Snapchat: joyannreid","New York, NY",,,,1
65664369,Rachel Stassen-Berger,RachelSB,Fri Aug 14 15:48:08 +0000 2009,17553,3190,8612,73399,822,,"@DMRegister political editor, former MN Capitol bureau chief. Not a fan of winter or sinkholes. Loves dogs — and cats are nice, too. It’s already 2020 in Iowa.","Iowa, USA",,,,1
179718664,Kelsey Kremer,kelsey_kremer,Tue Aug 17 23:46:23 +0000 2010,2377,1561,5992,7231,124,,"Photojournalist for the @dmregister, mostly photographing people running for president. @IowaStateU alum. Visual communication is my wheelhouse.","Des Moines, Iowa",https://t.co/Zo9zoFtXoH,,,1
2590097486,Save the Children Action Network,SCActionNetwork,Thu Jun 26 18:50:49 +0000 2014,19166,1746,11149,13124,165,,Save the Children Action Network is the political voice for kids. We focus on early childhood education and ending preventable deaths. #InvestInKids,"Washington, DC",https://t.co/MNMLRKlvGI,,,1
1286312880,All In w/Chris Hayes,allinwithchris,Thu Mar 21 15:59:46 +0000 2013,294085,521,713,16871,2339,,@chrislhayes hosts the Emmy Award-winning 'All In' weeknights at 8pm on @msnbc. Follow the conversation along with other #inners.  https://t.co/s1OQXsgvxV,,http://t.co/W3e1qP8zTC,,,1
56701775,David Rutz,DavidRutz,Tue Jul 14 14:05:52 +0000 2009,17489,1300,3110,62413,385,,Managing Editor for @FreeBeacon. Penske material. Ideas/tips: rutz@freebeacon.com,"Marietta, GA",https://t.co/gUiXGLJeif,,,1
869779479027208192,Peter Joffrion for Congress,peter_joffrion,Wed May 31 04:56:02 +0000 2017,5142,1949,4084,1813,68,,Democratic candidate for Congress in AL05. Lifelong North Alabamian and former Huntsville City Attorney. Fighting for working people in North AL. #Fighting4AL05,"Huntsville, AL",https://t.co/PnyZx3As1J,,,1
334079075,Michael Isikoff,Isikoff,Tue Jul 12 15:02:49 +0000 2011,100862,807,242,2371,1767,,"Chief investigative correspondent Yahoo News, co-author with @DavidCornDC of Russian Roulette Co-host with @dklaidman  @skullduggerypod Email: misikoff@oath.com","Washington, DC",https://t.co/1hstzzsgag,,,1
319158005,John Carvalho,John_P_Carvalho,Fri Jun 17 17:08:33 +0000 2011,4050,653,28932,42136,132,,"A JRNL professor at the school where I earned my JRNL degree. What could be better? Pro deo et patria, in that order. People love my glasses!","Auburn, AL",https://t.co/pFzsrMAhEu,,,1
2302481323,Latino Victory,latinovictoryus,Tue Jan 21 04:21:01 +0000 2014,22523,1772,6800,11841,344,,Latino Victory is a progressive political organization working to grow Latino political power by increasing Latino representation at every level of government.,"Washington, D.C.",https://t.co/ej1ZIUUaVN,,,1
14528874,AL.com,aldotcom,Fri Apr 25 16:36:18 +0000 2008,301691,846,10130,172574,1939,,"All things Alabama. Managed by the team at Alabama Media Group: @ikemorgan, Monica Keener and @rlwbenj.",Alabama,https://t.co/KJW2cleabC,,,1
823728914208002050,Dana Balter,dana_balter,Tue Jan 24 03:07:32 +0000 2017,4061,561,1400,2220,128,,"Working to return politics and government to the hands of the people where they belong.
RTs/Likes ≠ Endorsements.","Syracuse, NY",,,,1
20688358,Marc Veasey,MarcVeasey,Thu Feb 12 16:05:17 +0000 2009,5585,1329,986,1512,287,,Congressman from #TX33 | Serve on @energycommerce | Co-Founder of @BlueCollarDems | Founder of Voting Rights Caucus,North Texas,https://t.co/zxSMxxeNUk,,,1
14573926,Mike Levin,MikeLevinCA,Mon Apr 28 19:30:07 +0000 2008,109571,14224,9632,8480,1078,,"Proud husband/dad, SoCal native, clean energy advocate, environmental attorney, Stanford/Duke alum.  U.S. Representative for CA-49. All tweets by me.","California, USA",https://t.co/G2vPlNCzyR,,,1
461720085,Joe Kennedy,joekennedy,Thu Jan 12 03:31:32 +0000 2012,72135,447,7,2610,713,,"The official campaign account for Joe Kennedy III, Congressman for the 4th District of Massachusetts.",,https://t.co/JOi9N2WSp4,,,1
857009033882083329,Lizzie Pannill Fletcher,Lizzie4Congress,Tue Apr 25 23:10:51 +0000 2017,13097,630,675,1375,265,,"Honored and proud to represent #TX07 in Congress and to bring a little more Houston to Washington, D.C.","Houston, TX",https://t.co/sRPVXRwv9w,,,1
274440617,Ammar Campa-Najjar,ACampaNajjar,Wed Mar 30 09:12:37 +0000 2011,32040,1712,3238,2326,323,,"Running for Congress (CA-50). Small business owner. Former federal official (DOL). Son of a union mom, community college & SDSU alum.","San Diego, CA",https://t.co/9BWVvI28NQ,,,1
570410975,Molly Scholes,MMScholes,Fri May 04 00:48:59 +0000 2012,560,582,13847,5718,5,,"Success Cloud Marketing Team at Salesforce. Views expressed are mine alone, not of my employer (CRM). Retweets do not constitute endorsement.
#CA04 voter!",,,,,0
30826783,jkawatu,jkawatu,Mon Apr 13 07:30:10 +0000 2009,529,435,25054,7773,9,,A mom first. Public Health Professional specializing in women's reproductive health. A science enthusiast and news junkie. I believe facts actually matter.,"Little Rock, AR",,,,0
951250333124067330,Theresa May Duggan,TheresaMayDugga,Thu Jan 11 00:32:07 +0000 2018,215,486,15806,2401,1,,"Democrat from birth, didn’t have a chance!","North Shore Lake Tahoe, CA",,,,0
345985168,Clark County Dems,ClarkDems,Sun Jul 31 14:38:44 +0000 2011,5060,2286,7637,9613,112,,Official Twitter page for Clark County (Nevada) Democratic Party.,"Clark County, Nevada",https://t.co/sedKd63T7H,,,0
246478393,Steven Horsford,StevenHorsford,Wed Feb 02 21:26:52 +0000 2011,9077,5246,1061,2564,285,,Congressman-Elect from Nevada's Fourth District | Former Member of Congress | Proud father of three with @SonyaHorsford | Las Vegas #Nevada Native,"Las Vegas, NV",https://t.co/vJ5NVNmLs8,,,1
708895200727334912,Assemblywoman Brittney Miller,BrittMiller4AD5,Sun Mar 13 05:59:21 +0000 2016,2356,591,3625,2271,49,,I am a CCSD Educator and serve on the Nevada State Assembly for District 5!,"Las Vegas, NV",,,,0
1924071992,Millennial Politics,MillenPolitics,Tue Oct 01 17:23:02 +0000 2013,113131,98262,14462,10161,686,,"We find and tell the stories of progressive candidates, causes, & organizations. Subscribe to our podcast in iTunes & support our Patreon ⬇️",,https://t.co/vrzwXb81od,,,0
617266600,Katie Porter,katieporteroc,Sun Jun 24 16:29:31 +0000 2012,56123,372,2048,2661,512,,Irvine mom & Consumer Protection Attorney. Representative for #CA45 in Congress. #PorterSupporter IG: KatiePorterOC,"Irvine, CA",https://t.co/cKXH3YzHer,,,1
861976361853964288,Biden Cancer,BidenCancer,Tue May 09 16:09:14 +0000 2017,15100,125,891,881,68,,"Accelerating progress in #cancer prevention, detection, diagnosis, research and care through collaboration.","Washington, DC",https://t.co/Ce89O7uSx0,,,1
839226269627621376,Katie Hill,KatieHill4CA,Tue Mar 07 21:28:29 +0000 2017,49620,1832,2371,2958,539,,"Giving a voice to my hometown, #CA25. Fighting for access to healthcare, housing we can afford and a government that works for us. Let’s get to work 💪🏼","Agua Dulce, CA",https://t.co/if3O6DivLX,,,1
583486767,Dave Loebsack for Congress,DaveForIowa,Fri May 18 03:02:27 +0000 2012,1908,444,54,445,107,,"Twitter campaign headquarters for Rep. Dave Loebsack. Run by staff. Tweets from Dave signed ""DL""","Iowa City, IA",https://t.co/xqhxcFbasR,,,1
27529312,Steve Kerr,SteveKerr,Sun Mar 29 23:19:47 +0000 2009,449549,155,35,2682,3048,,"Proud dad, husband and coach.",,,,,1
851477335052140544,Jason Crow,JasonCrowCO6,Mon Apr 10 16:49:51 +0000 2017,17609,258,582,1184,306,,"Congressman for #CO06. Dad, Husband to @DeseraiCrow, former Army Ranger.","Aurora, CO",https://t.co/J9PDF4yM2v,,,1
788200771,Mary Geren,MaryGeren,Wed Aug 29 00:48:36 +0000 2012,3096,428,4346,2464,75,,"@CoryBooker SC Regional Director,                                Former educator & Democratic Nominee for U.S. Congress, SC-3","Anderson, SC",https://t.co/vZMrIDmyKn,,,1
476256944,Sen Dianne Feinstein,SenFeinstein,Fri Jan 27 23:06:59 +0000 2012,1345983,225,0,8895,6758,,United States Senator from California. On Facebook at: https://t.co/RVLkJPLS9Y,California,https://t.co/nLdPE0lrC6,,,1
15837659,Jennifer Bendery,jbendery,Wed Aug 13 15:05:39 +0000 2008,67738,345,17304,85535,2179,,Senior politics reporter for HuffPost. Veep of Washington Press Club Foundation. 🏳️‍🌈 Tips: jen.bendery@huffpost.com,"Washington, DC",https://t.co/13UoiCscOi,,,1
31565351,Ana Cabrera,AnaCabrera,Wed Apr 15 23:52:44 +0000 2009,50600,3547,14924,15688,805,,"@CNN Anchor and Correspondent, Mom, Wife, Runner, Traveler, Gardener, Dog lover, Skier, Huge Denver Broncos Fan, Proud @MurrowCollege alumna RT ≠ endorsements.","New York, NY",,,,1
783792992,Ilhan Omar,IlhanMN,Mon Aug 27 04:21:41 +0000 2012,1108637,1260,15305,11604,4000,,"Mom, Refugee, Intersectional Feminist, 2017 Top Angler of the Governor's Fishing Opener and Congresswoman for #MN05. Join me 👇🏽",Minneapolis,https://t.co/GpQErcEp3y,,,1
32922642,Erin Schrode,ErinSchrode,Sat Apr 18 15:57:46 +0000 2009,24702,199,33294,40367,734,,Activist. Rabble rousing optimist. Social entrepreneur. Storyteller. Global explorer. Treehugger. Foodie. Turning Green co-founder. Writer. Speaker.📍Puerto Rico,"Marin County, California",https://t.co/9QwDtr23fx,,,1
856596564516651008,Andrew Janz,JanzAndrew,Mon Apr 24 19:51:50 +0000 2017,124387,1733,10351,6839,657,,Violent Crimes Prosecutor fighting for truth and justice. Running for Mayor of the City of Fresno. https://t.co/sQHbZdf2po,"Fresno, CA",,,,0
1934787661,Cali Dreaming NaphiSoc,NaphiSoc,Fri Oct 04 16:29:22 +0000 2013,45156,45975,77640,182958,414,,"Chemist - Berkeley Grad, Warrior, Trumpeter (brass instrument), #UniteBlue, Nyingma/Kagyu Buddhist;  wife is Soto Zen Buddhist;                  Go Cal Bears",The Republic of New California,https://t.co/jxIU41QSyB,,,0
733010480,LoweyForCongress,Lowey4Congress,Thu Aug 02 15:13:06 +0000 2012,464,42,0,384,49,,"Congresswoman Nita M. Lowey is seeking re-election in New York's 17th Congressional District, including Rockland County and Westchester.",,http://t.co/pt6Zy6fWl8,,,0
967879572338462720,Active Measures,ActMeasuresDoc,Sun Feb 25 21:50:47 +0000 2018,37016,397,5271,1328,242,,Some conspiracies hide in plain sight. Available everywhere now. #ActiveMeasures,"Yorktown, VA",https://t.co/iPW4Ha5r1L,,,0
2388069542,Eleni Kounalakis,EleniForCA,Thu Mar 13 23:35:50 +0000 2014,4626,348,1019,1995,97,,"CA Lt Governor, Businesswoman. @BarackObama's fmr Ambassador to Hungary. Mom. Traveled to 58 counties in CA bldg a people powered campaign. My tweets are my own","California, USA",https://t.co/ZCHnwflVaa,,,1
950952511556538368,Sharice Davids,sharicedavids,Wed Jan 10 04:48:41 +0000 2018,118512,1585,7175,1567,684,,"Putting Kansans first and fighting for opportunity, because everyone deserves a shot at success. Proud to represent #KS03 in the US Congress.","Roeland Park, KS",https://t.co/aPJCE8F8vh,,,1
27789237,Harley Rouda,HarleyRouda,Tue Mar 31 02:12:52 +0000 2009,77122,8967,22540,7430,633,,"Personal account of Father, Husband, Businessman and U.S. Congressmember for California's 48th district in the 116th Congress.","Laguna Beach, CA",,,,1
3021460584,MJ Hegar,mjhegar,Sun Feb 15 17:33:34 +0000 2015,67028,190,4184,1972,405,,"Veteran, working mom, Texan. Running for U.S. Senate. Join our team ⬇️","Texas, USA",https://t.co/0PpOfzArub,,,1
248884036,Ronald Klain,RonaldKlain,Mon Feb 07 22:45:03 +0000 2011,103700,2059,83835,39638,1217,,"Gen Counsel, Revolution.  
Biden 2020!  Ex-Ebola Czar, Obama/Biden + Clinton/Gore WH.
Married to @monicamedinadc; Dad of 3 adults. Tweets are my personal views.","Washington, DC",http://t.co/WomGvixefs,,,1
16331010,TMZ,TMZ,Wed Sep 17 15:50:22 +0000 2008,4988001,906,1168,258775,21832,,TMZ has consistently been credited for breaking the biggest stories dominating the entertainment news landscape and changing the way the public gets their news.,"Los Angeles, CA",https://t.co/WFmNNP7hvg,,,1
597726943,JR,JRart,Sat Jun 02 20:34:29 +0000 2012,106917,187,1604,5792,1147,,Artist until I find a real job :),somewhere around you,https://t.co/prU1H5x4d6,,,1
807176238,Hanna Trudo,HCTrudo,Thu Sep 06 16:40:55 +0000 2012,8182,979,4531,15639,303,,Politics reporter at @thedailybeast covering 2020. New Hampshire native. Send tips and gossip to Hanna.Trudo@thedailybeast.com. DM for Signal.,"Washington, DC",,,,1
4732338444,Ryan Hampton,RyanForRecovery,Sat Jan 09 08:20:27 +0000 2016,82532,16954,8644,3414,256,,"I'm a son, activist, writer, & person in recovery from addiction + I wrote a book, American Fix + Views are my own + @thehill @usatoday @vice @huffpost ✍️","Los Angeles, CA",https://t.co/rnjKcQGm0F,,,1
738080573365702657,Rob Reiner,robreiner,Wed Jun 01 18:51:36 +0000 2016,682177,288,77006,2628,3090,,"Filmmaker, actor, producer, husband, and father.","California, USA",,,,1
1000041250668597248,Future Majority,future_majority,Fri May 25 15:49:48 +0000 2018,3712,338,409,369,27,,Democracy is built not bought: Freedom. Fairness. Future.,United States,https://t.co/l22cFjjv3F,,,0
875029068223315968,Sally Yates,SallyQYates,Wed Jun 14 16:36:01 +0000 2017,783526,85,3,53,3134,,Former Deputy Attorney General of the United States.,"Atlanta, GA",,,,1
15941955,Rock the Vote,RockTheVote,Fri Aug 22 05:56:06 +0000 2008,86271,25713,13419,18698,1590,,Building political power for young voters #RockTheVote,"Washington, DC",https://t.co/icumPHgTCl,,,1
867495243482058755,Cindy Axne,Axne4Congress,Wed May 24 21:39:18 +0000 2017,12765,672,549,1008,223,,"Mother, business owner, and community activist running for Congress in #IA03   #Democrat","West Des Moines, IA",https://t.co/L62WVXjuPH,,,1
813286,Barack Obama,BarackObama,Mon Mar 05 22:08:25 +0000 2007,106784061,613560,11,15644,229053,,"Dad, husband, President, citizen.","Washington, DC",https://t.co/93Y27HEnnX,,,1
303361757,Kyle Lierman,Kyle_Lierman,Sun May 22 18:50:49 +0000 2011,47491,11446,4535,3209,261,,CEO @CivicAdvisors & @WhenWeAllVote. Former Senior Engagement/Policy Advisor @ObamaWhiteHouse. @AmandaK_B's husband & Belle's dad. Tweets are my own.,"Silver Spring, MD",https://t.co/4ybLmBrsay,,,1
922223729127538688,Pulse,pulsevoter,Sun Oct 22 22:10:45 +0000 2017,67,165,22,75,0,,"Connect with your elected reps. Vote on the issues. Be heard. Non-partisan, civic engagement platform.","California, USA",https://t.co/EsC03b8XrX,,,0
465046121,Andrew Gillum,AndrewGillum,Sun Jan 15 22:17:54 +0000 2012,595434,990,5684,7846,2127,,Father of three. Husband to R. Jai. Proud Floridian.,"Tallahassee, Florida",https://t.co/ZKcegRgRW1,,,1
225249270,Nancy Soderberg,nancysoderberg,Sat Dec 11 03:05:49 +0000 2010,4749,568,316,1053,170,,Former White House Deputy National Security Advisor & @UN Ambassador. Director of PSLP @UofNorthFlorida.,"Crescent Beach, FL",,,,1
37027428,Lauren Baer,laurenbaer,Fri May 01 20:05:20 +0000 2009,4861,1704,794,1796,114,,Former #FL18 Candidate for US Congress & Obama administration foreign policy advisor. Mom to a toddler. Wife of a legal rockstar. Always an advocate for change.,"Palm Beach Gardens, FL",https://t.co/SsqvGjB9B3,,,1
11856892,Meet the Press,MeetThePress,Fri Jan 04 22:28:20 +0000 2008,589938,404,1494,61239,7009,,"Meet the Press is the longest-running television show in history. If it's Sunday, it's Meet the Press with @ChuckTodd. #MTP #IfItsSunday #MTPDaily","Washington, D.C.",https://t.co/uqtRXPrjFZ,,,1
164554364,HawaiiDelilah™ Unredacted Version,HawaiiDelilah,Fri Jul 09 04:25:18 +0000 2010,41471,3097,91327,107407,408,,Democratic Digital Activist. Often on long flights with cocktails. Hawaii has the best senators #BarackObamaDemocrat Blue-no-matter-who in 2020 up & down ballot,,https://t.co/x74jqRtVhw,,,0
268574796,Pebbles,pebbles2day,Sat Mar 19 01:54:22 +0000 2011,86645,5990,68809,68297,505,,"Grammy Nominated, Platinum Selling Artist & Visionary behind Mega Group TLC. Mom,Minister,Co-Builder of LaFace,Developer4life Visit: https://t.co/zAe277SEPi",California/Atlanta/GloryCloud,https://t.co/YtQWzkYwVN,,,1
9567972,CNN Newsroom,CNNnewsroom,Sat Oct 20 20:14:41 +0000 2007,405486,556,40,25424,6682,,"Latest news and information updates from the anchors, reporters and producers of CNN Newsroom, 9 a.m. to 4 p.m. ET and weekends on CNN.","Atlanta, GA",https://t.co/M0A3HjsFdP,,,1
313080999,Rachel Witkin,rachel_witkin,Wed Jun 08 03:36:43 +0000 2011,1526,2649,2393,12500,38,,"@hardball AP, fmr. @NBCNews watcher of 2016 speeches. I dig up old footage of politicians so you don't have to.","Washington, D.C.",https://t.co/9jmnHuS3PS,,,1
1375289149,New Day,NewDay,Tue Apr 23 19:11:41 +0000 2013,322386,1265,6967,58246,1950,,Join Alisyn Camerota & @JohnBerman on CNN weekdays 6-9a ET for all the latest news. @VictorBlackwell & @Christi_Paul host weekends.,,https://t.co/5lCXrXkeS9,,,1
455288410,Real Time,RealTimers,Wed Jan 04 23:19:08 +0000 2012,161249,991,7169,10766,1569,,"America, We Have to Talk. #RealTime with @BillMaher is LIVE Fridays at 10pm on @HBO. The contents of this account don't reflect the opinions of HBO.","Los Angeles, CA",https://t.co/wVXfPGk8wO,,,1
2461810448,Nancy Pelosi,TeamPelosi,Thu Apr 24 15:17:41 +0000 2014,296439,7994,1220,5721,1255,,This is Nancy's political account. Tweets from Nancy are signed -NP. Check out our new online store!                        👇,San Francisco,https://t.co/LPBbU8JdmX,,,1
715671367497060352,Billy Ray,BillyRay5229,Thu Mar 31 22:45:25 +0000 2016,4208,152,24940,4788,37,,"""I'm not talented enough to be unprepared. Are you?"" -- Monroe Stahr",,,,,1
84502548,SANDRA🌊⛈😼✊👊🤜,sgisresistance,Fri Oct 23 04:13:22 +0000 2009,12411,12405,40005,37019,46,,"LOUD & SPEAK MY MIND! U DON'T LIKE IT, THEN DON'T FOLLOW ME! HATE RACISM!#IMPEACHTRUMP!#FamiliesBelongTogether! #MuellerTime! #NeverAgain! #PRU!","California, USA",,,,0
701725963,NowThis,nowthisnews,Tue Jul 17 20:31:08 +0000 2012,2353444,12235,12623,125718,9301,,Stories that move. Send us your tips: contact@nowthismedia.com,The Internet & NYC,http://t.co/1NLX7sJ52o,,,1
1944480253,CCF,calfund,Mon Oct 07 15:30:06 +0000 2013,6752,2043,6578,7362,187,,"Founded in 1915, the California Community Foundation leads positive systemic change to strengthen Los Angeles County communities.","Los Angeles, CA",http://t.co/x4XMG6qZjn,,,1
981691454962749440,Mike Espy,MikeEspyMS,Thu Apr 05 00:34:16 +0000 2018,37762,275,122,503,163,,,"Mississippi, USA",https://t.co/Xinh4MV7DW,,,0
402888514,David Rothkopf,djrothkopf,Tue Nov 01 18:29:28 +0000 2011,132383,5170,12349,105691,2149,,"Proud father of J & L, husband of C, CEO, The Rothkopf Group; host,Deep State Radio;, author of this & that.","Washington, DC & New York City",https://t.co/h7Tw2QSBuh,,,1
23578274,Kyle Cheney,kyledcheney,Tue Mar 10 10:42:36 +0000 2009,59797,947,2154,14884,1509,,"Congress reporter for @Politico. Previously covered the 2016 campaign, national politics and health care. Alum of Boston's @statehousenews kcheney@politico.com","Arlington, VA",https://t.co/BE5JFzmnFU,,,1
587536673,Giffords,GiffordsCourage,Tue May 22 16:10:22 +0000 2012,66043,1927,4340,15099,684,,"Founded by @GabbyGiffords and @ShuttleCDRKelly, Giffords is on a mission to save lives from gun violence.","Washington, DC",https://t.co/NB3NWyKEQV,,,1
56611461,Matt Loffman,mattloff,Tue Jul 14 04:58:18 +0000 2009,587,1144,37,1248,26,,@NewsHour politics producer. Formerly @washingtonweek. Trying to see the whole picture.,"Washington, DC",https://t.co/NWcf6ekoRK,,,0
95214152,Lyle Spencer,LyleMSpencer,Mon Dec 07 14:52:09 +0000 2009,6361,2815,30511,34374,413,,"Love kids, dogs, music, sports, books. Raised conservative, pushed left by Life experience. Parents loved me anyway.",Southern California,,,,1
2836421,MSNBC,MSNBC,Thu Mar 29 13:15:41 +0000 2007,2505549,636,672,169503,22550,,"The place for in-depth analysis, political commentary and informed perspectives.",,https://t.co/5TAF6ijWwt,,,1
261900273,Kate Irby,kateirby,Sun Mar 06 23:11:12 +0000 2011,6138,751,2044,12923,200,,"CA Congressional reporter for @McClatchyDC, including @SacBee_News @FresnoBee @ModBee. Unofficial title is Master of Mayhem, according to a bat on my desk.","Washington, DC",,,,1
1383272101,Andy Slavitt,ASlavitt,Sat Apr 27 01:21:12 +0000 2013,225465,761,26752,25791,3000,,"Former head of Medicare, Medicaid & ACA for Obama. Founded @usofcare & @townhallvntrs to make health care work for everyone.","Edina, MN and Washington, DC",https://t.co/iPF82cS0sr,,,1
28785486,ABC News,ABC,Sat Apr 04 12:40:32 +0000 2009,14369270,537,39,256842,56423,,"All the news and information you need to see, curated by the @ABC News team. https://t.co/PKeobr4xt0 Tips: https://t.co/2ICEX6CuXd",New York City / Worldwide,https://t.co/7mnR2AtpOn,,,1
796183515998068736,Rep. Stephanie Murphy,RepStephMurphy,Wed Nov 09 02:51:57 +0000 2016,20911,1016,476,2370,603,,Fighting for progress and proudly representing Seminole & Orange Counties in the U.S. House of Representatives. #FL07,"Winter Park, FL",https://t.co/7stdgh39et,,,1
829061809135030272,Antonio Delgado,DelgadoforNY19,Tue Feb 07 20:18:33 +0000 2017,25576,2144,947,3098,358,,"Schenectady native. Rhinebeck resident. #NY19 Congressman. Leading with accountability & integrity. Listening, engaging & finding common ground.",,https://t.co/bTcIQgHuNo,,,1
24950622,Dan McCready,McCreadyForNC,Tue Mar 17 20:44:07 +0000 2009,51485,438,489,1566,297,,"USMC veteran, solar energy entrepreneur, husband, dad of four. Running for US Congress in the #nc09 special election. Let’s put country over party.","Charlotte, NC",https://t.co/gHaCTQtkc0,,,1
19422491,Grant Stern,grantstern,Fri Jan 23 23:40:20 +0000 2009,61377,9679,100235,118140,869,,"Meet the Candidates 2020 Author

#Miami native, @morningsidemtg, @OnlyinMiamiShow on @JoltRadio Mon. 6-7pm.

Writer @OccupyDemocrats @TheSternFacts & #HeatLifer","Miami, FL",https://t.co/uO8YypouhE,,,1
15764644,Nancy Pelosi,SpeakerPelosi,Thu Aug 07 15:35:02 +0000 2008,2632403,361,10,9040,16147,,"Speaker of the House, focused on strengthening America's middle class and creating jobs; mother, grandmother, dark chocolate connoisseur.",San Francisco,https://t.co/jztVqrP3x5,,,1
203226736,Sharyl Attkisson🕵️‍♂️,SharylAttkisson,Fri Oct 15 20:25:13 +0000 2010,243578,6182,35586,43636,3318,,"Nonpartisan Investigative Journalist @FullMeasureNews *Note* RTs not=endorsement; RTs may be interesting, silly, wrong, outrageous. Think for yourself.","Washington, DC",http://t.co/206qyeOcuD,,,1
44431715,NH Young Democrats,NHYoungDems,Wed Jun 03 19:17:39 +0000 2009,5551,2524,4807,12638,151,,"Our mission is to recruit, train, & elect the next generation of progressive leaders in NH. @YoungDems #youthvote #nhpolitics https://t.co/h0WTZZYFTJ",New Hampshire,https://t.co/XZCmgbPYCU,,,0
1876175636,Adam Sexton,AdamSextonWMUR,Tue Sep 17 16:55:36 +0000 2013,6178,1595,4499,7357,159,,"@WMUR9 Political Director. Host, CloseUp NH. Proud Husband of @603Amanda, Dada to Ham & Sock. @49ers & @Mariners fan. The North Remembers.",New Hampshire,https://t.co/Mc5FvmTr3o,,,1
1013780683171430400,Youth Polk County Democrats,youthpolkdems,Mon Jul 02 13:45:24 +0000 2018,426,1190,298,228,2,,DM us to get involved 💙,,,,,0
49217025,Ruben Gallego,RubenGallego,Sun Jun 21 03:26:23 +0000 2009,42125,1876,575,11278,605,,"Iraq War Veteran. USMC 0311/0341. Member of Congress for Arizona's 7th Congressional District. Proud Democrat. Hispanic, Latino","Phoenix, Arizona",https://t.co/Tk0hSgHKZH,,,1
73385250,Christina Toms,ChristinaToms,Fri Sep 11 13:29:31 +0000 2009,2786,2683,95199,49250,113,,"Estuarine wetland scientist, engineer, & policy maker for a climate-resilient coast. Jersey fresh & California dreaming. Tweets only represent me. she/her.",Occupied Coast Miwok lands,https://t.co/aJmlJnVGtx,,,0
964032914626359296,Cameron Kasky,cameron_kasky,Thu Feb 15 07:05:32 +0000 2018,435002,723,7284,5150,1711,,"Co-Founder of March For Our Lives. 
cameronk@headcount.org
Columbia ‘23
Polling at less than one percent in Iowa","Parkland, FL",,,,1
390967705,Progress Iowa,ProgressIowa,Fri Oct 14 20:49:11 +0000 2011,6091,1654,3499,18485,130,,Bold. Proud. Progressive. Join us in the fight for #OurIowa! #ialegis #iagov #whycourtsmatter #1u #saveiaworkers,"Des Moines, IA",https://t.co/HiIIAqfQti,,,0
13850422,CNN Politics,CNNPolitics,Sat Feb 23 03:12:49 +0000 2008,2831246,342,9,152117,15890,,"Political news, campaign stories and Washington coverage from CNN's political team.","Washington, D.C.",https://t.co/KWFMkrEjdY,,,1
244655353,David Axelrod,davidaxelrod,Sat Jan 29 20:34:55 +0000 2011,1138962,663,118,11412,10864,,"Director, UChicago Institute of Politics. Senior Political Commentator @CNN. Author, Believer: My Forty Years in Politics. Host of The Axe Files podcast and TV.",,,,,1
19824430,College Democrats,CollegeDems,Sat Jan 31 18:05:56 +0000 2009,41939,652,2247,9025,1232,,"College Democrats of America | The official student arm of @TheDemocrats. Check us out on Facebook & Instagram, too! RT’s & likes not necessarily endorsements.",United States,https://t.co/hz3sXrjeuv,,,1
14513611,Crooks and Liars,crooksandliars,Thu Apr 24 16:04:35 +0000 2008,88389,448,108,102357,2857,,"Watching the media since 2004!_x000d_
 Follow the entire C&L staff at http://t.co/r7HJj9pIgK",U.S.A.,http://t.co/b9zmhLcFKI,,,1
33515703,Bill Weir,BillWeirCNN,Mon Apr 20 13:44:11 +0000 2009,119298,2299,11304,22087,1515,,"Father, Thrill Seeker, Picture Taker, Question Asker, Frequent Flyer, Chief Climate Correspondent @cnn",en route,https://t.co/EF0veHtijB,,,1
949934436,Tom Steyer,TomSteyer,Thu Nov 15 15:28:50 +0000 2012,235197,946,2459,7519,2320,,"Founder of @NextGenAmerica & @Need2Impeach. Working to ensure that every family shares the benefits of economic opportunity, education, and a healthy climate.","San Francisco, CA",https://t.co/yFMN3nV7tz,,,1
312800783,America's Newsroom,AmericaNewsroom,Tue Jun 07 17:52:42 +0000 2011,79728,337,1172,32743,754,,Live on the FOX News Channel Every Weekday From 9-NOON EST! #AmericasNewsroom,"New York, NY",http://t.co/TiDPxgo9pq,,,1
965015705123930114,March For Our Lives,AMarch4OurLives,Sun Feb 18 00:10:48 +0000 2018,453212,403,3413,2824,1569,,Let’s create a safer America. Text CHANGE to 954-954 to join the movement.,,https://t.co/G7BxWrflHz,,,1
759251,CNN,CNN,Fri Feb 09 00:35:02 +0000 2007,42172598,1108,1437,248974,138559,,It’s our job to #GoThere & tell the most difficult stories. Join us! For more breaking news updates follow @CNNBRK  & Download our app ?https://t.co/UCHG9M367J,,http://t.co/IaghNW8Xm2,,,1
2521546890,David Priess,DavidPriess,Sat May 24 23:18:13 +0000 2014,42622,195,26987,14152,601,,"Chief Operating Officer, Lawfare. Duke PhD. Former CIA. Visiting Fellow @MasonNatSec. Writing books and speaking about presidents, intel, and national security.","In orbit around Washington, DC",https://t.co/IRLamKl288,,,1
917577254221336578,Kasie DC,KasieDC,Tue Oct 10 02:27:19 +0000 2017,31727,54,738,2789,377,,"Sunday nights, 7-9 p.m. ET on @MSNBC!","Washington, DC",,,,1
227837742,Anderson Cooper 360°,AC360,Fri Dec 17 23:37:19 +0000 2010,1295739,158,425,66179,7037,,A behind the scenes look at Anderson Cooper 360°. Watch AC360° M-F at 8pm/ET on @CNN and follow Anderson on twitter: @AndersonCooper.,"New York, NY",http://t.co/PHe2WJCDZH,,,1
217550862,John Bresnahan,BresPolitico,Fri Nov 19 21:01:30 +0000 2010,66272,2318,36637,61168,1714,,"Capitol bureau chief for Politico. Yankees fan. Boston sucks. ""Politico ruins everything.""","Washington, D.C.",https://t.co/PPMyQsPlIg,,,0
20568127,KGO 810,KGO810,Wed Feb 11 03:19:25 +0000 2009,32292,2974,3320,50135,1325,,"📍The Bay Area's home of @AandGShow, @MarkTLive, @PatThurston, @RonnOwens, @johnrothmann, @ChipFranklin, @KGOJason & @MFinney 📻",San Francisco,https://t.co/yolR57WOgH,,,1
57362322,Jennifer Taub,jentaub,Thu Jul 16 15:32:42 +0000 2009,49477,1191,87738,62623,633,,"Law prof & author of financial crisis book ""Other People's Houses"" and White Collar Crime casebook","Northampton, MA",,,,1
15548511,"Will Morin, M.P.A.",wmorin,Wed Jul 23 00:20:21 +0000 2008,1280,2123,673,2201,31,,Pragmatic Idealist | Be Bold. Do Good. | Non-Profit Executive & Consultant | @ElonUniversity & @CalUofPa alum & @ClemsonALUMNI !!! #GoTigers,Greenville & Spartanburg SC,,,,1
1074670965009903622,Tina Belge for SC Senate 6,TinaforSenate6,Mon Dec 17 14:21:39 +0000 2018,1611,138,96,132,16,,"Dem Candidate for SC Senate District 6. Wife. Mother. Public Servant. #MomsInGov
https://t.co/4CLBMoNo0W","Travelers Rest, SC",https://t.co/TTEAcb8QlJ,,,1
54617733,Be A King,BerniceKing,Tue Jul 07 17:30:48 +0000 2009,248146,393,16741,12963,1667,,"Bernice A. King is a connector, communicator, community builder, CEO of @TheKingCenter, and child of legendary global influencers.","Atlanta, GA",https://t.co/zq0VeoIg6H,,,1
2415053456,CNN Tonight,CNNTonight,Fri Mar 28 00:00:22 +0000 2014,86238,387,32,18032,857,,@DonLemon brings you two live hours of the day’s biggest stories. Weekdays at 10pm.,"New York, NY",https://t.co/IaghNWqyKC,,,1
3353220134,Pat Ward,WardDPatrick,Wed Aug 26 23:04:21 +0000 2015,7239,1381,25027,22490,176,,"Fox News Producer. Former: @FoxNewsSunday, 2016 Embed. I like Tom Brady better than I like you. Opinions/bad jokes are my own.","Annapolis, MD via Canton, MA",https://t.co/SJT1qsBZzA,,,1
48459797,𝕁𝕖𝕣𝕠𝕞𝕖 ℙ𝕒𝕟𝕕𝕖𝕝𝕝,JeromePandell,Thu Jun 18 19:30:15 +0000 2009,1695,3088,199996,131363,114,,"ex-ventriloquist
★ #SRVUSD 
★ Cheers @NorthwesternU #B1GCats
★ Attorney via @uchastingslaw
★ #CA11 @DemConvention
★ @CoCoYoungDems
★ @BarackObama #Gen44","Danville, CA 94506",https://t.co/2FodEdMo86,,,0
713839291210792960,Democratic Coalition,TheDemCoalition,Sat Mar 26 21:25:24 +0000 2016,249617,23711,76084,129384,1440,,We help run #TheResistance. Home of #TrumpLeaks research team. We campaign for Dems—fight foreign influence—have unrivaled online organizing program. Est. 2016,"Washington, DC",https://t.co/81I6JTLpUG,,,1
1507338108,Sherrilyn Ifill,Sifill_LDF,Tue Jun 11 23:10:03 +0000 2013,119768,994,3743,51243,1352,,"President & Director-Counsel of LDF (NAACP Legal Defense and Educational Fund), the nation's premier civil rights law organization. Tweets are my own.",,https://t.co/XAJAQLaTrd,,,1
126062842,Legal Defense Fund,NAACP_LDF,Wed Mar 24 18:33:51 +0000 2010,90464,3468,26860,36224,1295,,"America's premier legal organization fighting for racial justice through litigation, advocacy, and public education. Est. in 1940.",NYC & DC,https://t.co/XAJAQKTizF,,,1
19608297,Human Rights Campaign,HRC,Tue Jan 27 18:55:38 +0000 2009,820697,157544,18474,47506,8909,,"HRC is the nation’s largest LGBTQ civil rights organization. We envision a world where LGBTQ people are ensured equality at home, at work & in every community.","Washington, DC",https://t.co/aqJODv04ld,,,1
822131894540083201,Vanita Gupta,vanitaguptaCR,Thu Jan 19 17:21:32 +0000 2017,54221,492,1933,5193,634,,"President and CEO of The Leadership Conference on Civil and Human Rights, @civilrightsorg. Former head of USDOJ Civil Rights Division. Views my own.",,https://t.co/ulLMnffjlQ,,,1
82643763,Paul Steinhauser,steinhauserNH1,Thu Oct 15 15:37:13 +0000 2009,15355,1821,216,14454,706,,"#nhpolitics most versatile reporter: @foxnewspolitics 
@ConMonitorNews @seacoastonline @JackHeathRadio @wkxlnh; Former @CNN Political Editor & NH1News Pol. Dir.","Concord, NH",https://t.co/f0SzYmSPZS,,,1
44783853,HHS.gov,HHSGov,Fri Jun 05 01:14:31 +0000 2009,766883,397,3172,19087,8499,,News and information from the U.S. Department of Health & Human Services (HHS). Privacy policy: https://t.co/0OO6XSlAYX.,"Washington, D.C.",https://t.co/T4j355Evo7,,,1
2228878592,Andrew Yang,AndrewYang,Tue Dec 03 21:31:03 +0000 2013,431500,5008,8908,8621,2291,,2020 US Presidential Candidate (D). Entrepreneur & Founder of @venture4america My book: https://t.co/TLcOiHDrTR Join the campaign here: https://t.co/phur3ya6AG,USA,https://t.co/2VLilu1UX3,,,1
813311743,Josh Jordan,NumbersMuncher,Sun Sep 09 15:11:00 +0000 2012,47359,471,8583,60436,1511,,What a time to be alive.,"Chicago, IL",,,,1
44177383,Gabrielle Giffords,GabbyGiffords,Tue Jun 02 18:43:03 +0000 2009,270773,6163,692,3858,4186,,Proudly served Arizona's 8th District in the United States Congress 2007-2012. Co-founded @GiffordsCourage. Married to @ShuttleCDRKelly.,"Tucson, Arizona",https://t.co/NB3NWyKEQV,,,1
18080729,#GetWoke⏰ #MIP🎙️ #GetWokeAndVote🗳️,MakeItPlain,Fri Dec 12 17:26:42 +0000 2008,20706,2790,12969,130767,595,,Hosted by @ministter (RTs ≠ endorsements) #MIP 🎙️#MakeItPlain 📻 #GetWoke ⏰#GetWokeAndVote 🗳️,"New York, NY",https://t.co/D1F065gv3y,,,0
521747968,Jon Ossoff,ossoff,Sun Mar 11 22:46:55 +0000 2012,110999,862,1475,5133,559,,,"Georgia, USA",https://t.co/KDIImfRLBP,,,1
1917731,The Hill,thehill,Thu Mar 22 18:15:18 +0000 2007,3297380,252,25,587035,26067,,"The Hill is the premier source for policy and political news. Follow for tweets on what's happening in Washington, breaking news and retweets of our reporters.","Washington, DC",http://t.co/t414UtTRv4,,,1
739119366,Robert Wolf,robertwolf32,Sun Aug 05 19:42:08 +0000 2012,10115,583,2245,8294,162,,"https://t.co/COI4ZoQMbM [32 Ventures, Strategic Worldviews, 100K Ventures, Measure]/ Board @ObamaFoundation /contributor #FoxNews / RTs ≠ Endorsements",,,,,1
14247236,Scott Dworkin,funder,Fri Mar 28 21:38:52 +0000 2008,485481,73877,100125,210628,3920,,"Investigator, Author & Host #DworkinReport podcast. Co-Founder @TheDemCoalition. Used #TrumpLeaks to help expose #TrumpRussia. Proud member of #TheResistance.",,https://t.co/C8LaSjzXvH,,,1
1437671,Joshua Lander,lander,Sun Mar 18 20:00:41 +0000 2007,1302,1643,40070,39702,33,,"Professional geek, amateur celebrity. I write like I’m running out of time. I like my humor dry, my whiskey neat, my theatre musical and my country free.","Arizona, USA",https://t.co/gbAB6vLl4P,,,0
3010595172,Stephanie Perera,ItsStephPerera,Thu Feb 05 23:50:47 +0000 2015,205,373,25399,5450,3,,@UCSD grad. Capitol Hill Staffer. California girl. Feminist. #MeToo Never not craving tacos. @warriors fan for life. All views are my own. RT not endorsements.,"Washington, DC",,,,0
1291868311,Joseph Sakran,JosephSakran,Sat Mar 23 16:20:26 +0000 2013,47503,5287,12726,11884,171,,"Trauma Surgeon @hopkinsmedicine #GunViolence Survivor, Board Member Brady Campaign @bradybuzz,  Founder @docsdemand @ThisIsOurLane #ShareAGunViolenceStory","Fairfax Station, VA",https://t.co/z9xM0rBnnU,,,1
23348842,Brianne Pfannenstiel,brianneDMR,Sun Mar 08 20:17:46 +0000 2009,8189,1881,3474,10370,362,,Chief Politics Reporter for @DMRegister covering the Iowa caucuses in 2020. bpfann@dmreg.com.,Des Moines,https://t.co/vk27Vd8Qlx,,,1
15925848,The Daily Iowan,TheDailyIowan,Thu Aug 21 01:08:30 +0000 2008,24085,983,635,19679,533,,"The largest independent, student-run, award-winning college newspaper in the country, serving the University of Iowa and Iowa City since 1868.","Iowa City, Iowa",https://t.co/Urrmo9IRTb,,,0
73305308,Paige Godden,PaigeGodden,Fri Sep 11 04:04:49 +0000 2009,930,2116,548,938,56,,"Business Manager/Editor/Covering Labor Issues at https://t.co/ybmHDmiHRV 

Assistant Editor of the Indianola Independent Advocate
https://t.co/rHaeUcS4Ra","Panora, IA",,,,0
17008726,Andrew Zimmern,andrewzimmern,Mon Oct 27 22:24:24 +0000 2008,1266012,17947,1173,60632,9654,,"Chef, Writer, Traveler, TV Host","Minneapolis, MN",https://t.co/j7iwno0l3I,,,1
14662569,WMUR TV,WMUR9,Mon May 05 18:01:28 +0000 2008,127942,391,72,309521,1434,,"News, weather and sports updates from WMUR News 9 and http://t.co/OLoBoV59e7.",New Hampshire,http://t.co/L7Ckio68qL,,,1
311218846,Pete Suratos,PeteSuratosTV,Sun Jun 05 02:47:12 +0000 2011,2849,5035,1361,6497,124,,"TV reporter @NBCBayArea. Hubby to @JessFloresTV. #thedumpdieter #intuitiveeating @USCAnnenberg alum ✌️ Richmond, CA native. #EatHappyBeHappy 🥘",THE BAY,https://t.co/OKemasSEBu,,,1
246939630,Shannon Watts,shannonrwatts,Thu Feb 03 19:32:59 +0000 2011,343534,9503,176277,106338,2760,,"Founder of @MomsDemand, grassroots army of @Everytown. The @NRA’s worst nightmare. Author of “Fight Like A Mother.” IG: https://t.co/nS9vvTKwo3",,https://t.co/tP8yoCG89B,,,1
1007272206999662592,Safiya Wazir — NH State Representative,WazirNh,Thu Jun 14 14:43:03 +0000 2018,2334,274,2032,655,12,,Democratic NH State Rep. Concord (Ward 8) — Contributions: https://t.co/ohlAhVA69v,"Concord, NH",https://t.co/bflW7tMqlu,,,0
15652540,KTVU,KTVU,Tue Jul 29 22:29:44 +0000 2008,445429,1198,1281,205682,3318,,"Complete Bay Area News Coverage. Thanks for following us! If you tweet us, we may use it on our digital platforms and TV.","Oakland, CA",https://t.co/xRRCHPYs3Y,,,1
41012191,Andrew Kimmel,andrewkimmel,Tue May 19 00:34:50 +0000 2009,16219,2130,16723,14854,232,,I produce things for television and the web. Founder of AuraNexus. Former |@BuzzFeedNews Head of Live Video + Producer of @BachelorABC 📩andrew.kimmel@gmail.com,,,,,1
11744152,Yashar Ali 🐘,yashar,Wed Jan 02 06:55:39 +0000 2008,417319,22563,99520,128918,4737,,New York Magazine/HuffPost Contributor Email: currentyashar@gmail.com Direct Messages Open Text/Call/Signal/Confide/WhatsApp: 310-795-2497. Towel Guy,"New York, NY",https://t.co/DC2FMxZjda,,,1
27493883,Jon Cooper,joncoopertweets,Sun Mar 29 20:12:52 +0000 2009,284920,27864,89764,109362,1825,,Chairman of @TheDemCoalition; formerly LI Campaign Chair for @BarackObama. Any endorsements here reflect my personal opinions. #Resist Views=mine,New York,https://t.co/mzKvoqQjrq,,,1
182503471,The Last Word,TheLastWord,Tue Aug 24 19:11:03 +0000 2010,1015099,793,101,42800,3299,,Official Twitter account for @MSNBC's The #LastWord with @Lawrence O'Donnell. Join us: https://t.co/FAgrljLzFt,📺 10PM ET on MSNBC,https://t.co/h5WAvwZhzw,,,1
621423747,UChicago Politics,UChiPolitics,Thu Jun 28 21:57:31 +0000 2012,11098,830,1254,7092,273,,An extracurricular program at @UChicago designed to nurture in students a passion for politics & public service. RT ≠ endorsement.,"Chicago, IL, USA",http://t.co/E7ZLJU3stO,,,0
19472759,The Chicago Maroon,ChicagoMaroon,Sun Jan 25 01:25:43 +0000 2009,5446,75,128,5799,128,,The independent student newspaper of The University of Chicago since 1892. Follow for the latest news about the University and surrounding communities.,"Chicago, IL",https://t.co/gt3pcZXHN1,,,1
77032777,Anna Palmer,apalmerdc,Thu Sep 24 20:18:35 +0000 2009,54132,1805,1396,8451,1172,,"POLITICO Playbook author & host of the Women Rule podcast. Follow on insta @apalmerdc. Pre-order my new book ""The Hill to Die On"" https://t.co/InzUICg8Ss","Washington, DC",https://t.co/Wjmt0s4EcJ,,,1
989397451,UNCF,UNCF,Tue Dec 04 19:10:19 +0000 2012,19145,2976,14998,19420,290,,"UNCF is the nation’s largest and most effective minority education organization. We support 60,000+ students & 37 HBCUs. ""A mind is a terrible thing to waste.""®","Washington, DC",https://t.co/z781CVRoju,,,1
818713465653051392,US Rep. Darren Soto,RepDarrenSoto,Tue Jan 10 06:57:55 +0000 2017,9979,3417,4379,3080,422,,"Proudly representing Central Florida's 9th District: Osceola County and parts of Orange and Polk counties. 🇺🇸🇵🇷

Official Account","Kissimmee, Florida",https://t.co/3Iswy0Rzuf,,,1
1396151678,OZY,ozy,Thu May 02 03:18:19 +0000 2013,36894,1175,10036,34030,788,,The home of fresh stories and bold ideas. #LiveCuriously,"Mountain View, CA",https://t.co/TebT0dbEYV,,,1
979081759483719681,Firing Line with Margaret Hoover,FiringLineShow,Wed Mar 28 19:44:16 +0000 2018,6728,220,426,637,67,,Reviving the tradition of Firing Line for a new generation. Catch us on @pbs,,https://t.co/msm2nMg8aS,,,1
17295191,Max,maxtaves,Mon Nov 10 21:10:53 +0000 2008,2708,1820,6528,8601,101,,Founding Principal @media_synthesis. Ex-business columnist @WSJ + @CBSi-@CNET; Award-winning ex-journalist at Village Voice’s LA Weekly & https://t.co/vRNxIME29n.,,https://t.co/nF9qPuh1e4,,,1
107441863,Michael Steel,michael_steel,Fri Jan 22 15:34:40 +0000 2010,10203,1663,10908,13181,266,,"Partner, @HPSInsight 
Adjunct, @McCourtSchool  
Fmr: Jeb!, @SpeakerBoehner Romney/Ryan2012, Ways & Means, @nationaljournal","Washington, DC",https://t.co/5sIfQI325z,,,1
967027984426242053,Fred Guttenberg,fred_guttenberg,Fri Feb 23 13:26:52 +0000 2018,185638,747,13909,11785,654,,"My daughter is Jaime Guttenberg.   She was murdered in Parkland Florida on February 14, 2018.  I will dedicate the rest of my life to the cause of gun safety.","Parkland, FL",https://t.co/cGz1fszdOQ,,,1
25203361,ROSIE,Rosie,Thu Mar 19 01:08:50 +0000 2009,1120315,37193,33492,86051,7411,,THE UNIMAGINABLE IS NOW,NY,https://t.co/spuo6DDcO6,,,1
15279429,VANITY FAIR,VanityFair,Mon Jun 30 14:17:35 +0000 2008,4871526,1205,4824,110038,19908,,"In-depth reporting, gripping narratives, and world-class photography, plus heaping doses of Oscar-blogging, royal-watching, and assorted guilty pleasures.","New York, NY",http://t.co/THwtnNR9Wy,,,1
19165963,JEN KIRKMAN,JenKirkman,Mon Jan 19 01:35:44 +0000 2009,267989,1355,39921,1602,4089,,"Comedian, Netflix, NY Times bestselling author, Drunk History, Chelsea Lately. Wrote on @maiseltv 🎫 TIX TO MY SHOWS https://t.co/tDnYleCs4Q","Los Angeles, New York City",https://t.co/8n9uGwDdki,,,1
16300797,Allie Gonino,go_nino,Mon Sep 15 19:42:50 +0000 2008,39891,1786,1851,20484,711,,Actress. Composer. Truth Seeker. Professional DnD player. creepy + hilarious since 1990. I’m building education projects in Malawi & Oakland! Learn more👇👇👇,"Los Angeles, CA",https://t.co/Pm5VUYe6uT,,,1
2835886194,The Late Show,colbertlateshow,Tue Sep 30 17:13:22 +0000 2014,722510,1232,10531,22695,3428,,Official feed of The Late Show with @StephenAtHome on @CBS #LSSC,Weeknights | 11:35/10:35c,https://t.co/YTzFH21e5t,,,1
20317002,Anthony Man,browardpolitics,Sat Feb 07 16:13:38 +0000 2009,10143,1419,756,22444,317,,Anthony Man is the political writer at the South Florida Sun Sentinel. Email: aman [at] https://t.co/HJblLLv29d,"Fort Lauderdale, FL",https://t.co/vbHECIYfhs,,,1
53503202,"Khary Penebaker, Fx",kharyp,Fri Jul 03 21:24:55 +0000 2009,95232,53840,117313,447916,1238,,DNC Member #GunViolence Survivor @PPAWI Board Member @Everytown Survivor Fellow Treasurer DNC Black Caucus @MomsDemand @NoRA4USA @WAVE_EdFund C4 board Prez,"Waukesha, WI",https://t.co/vPn9RQyi1l,,,1
250690720,David Smiley,NewsbySmiley,Fri Feb 11 16:13:50 +0000 2011,9176,1678,868,20063,310,,A “deep state globalist shill pushing for a dystopian communist worldwide government of oppression.” Or so I’m told. Covering politics for the @MiamiHerald,Miami,https://t.co/rATEkMMOSP,,,1
107120201,MSNBC Public Relations,MSNBCPR,Thu Jan 21 16:18:30 +0000 2010,11931,583,107,6786,318,,"The official Twitter feed of @MSNBC Public Relations. Follow us for the latest news, exclusives & a behind-the-scenes look at MSNBC.",,https://t.co/hmQONSQz0v,,,1
26909691,Kim Weaver,KimWeaverIA,Fri Mar 27 01:10:41 +0000 2009,31289,9523,6037,6707,216,,"Activist for the common man. Voice for the voiceless.  Ran vs Steve King in 2016. Now, just a pissed off defender of democracy. Find me @HappsNews","Sheldon, IA",https://t.co/tBTCJRhhyc,,,1
44215023,Jane Lynch,janemarielynch,Tue Jun 02 21:37:38 +0000 2009,1772333,489,1112,12062,9580,,Consider a donation to @directrelief. DELIVERING A WORLD OF GOOD to people in emergency and crisis situations. @charitynavigator : 4 Star Rating (highest),"Los Angeles, CA",https://t.co/GcIclmsNOB,,,1
2889924959,Claude Taylor,TrueFactsStated,Sun Nov 23 23:31:32 +0000 2014,217344,4532,204400,157781,2355,,Liberal Provocateur. Worked in Clinton White House. I do billboards. Sue me. https://t.co/82Ebf8Pcwz “Lapdog for war mongers and profiteers”.,DC and on the road. ,https://t.co/jdjtdOSeIE,,,1
13657922,Des Moines Register,DMRegister,Tue Feb 19 04:56:13 +0000 2008,153771,5017,1051,99406,2332,,The news Iowans have depended upon since 1849. Winner of 17 Pulitzer Prizes. Support local journalism by subscribing at https://t.co/M3wA9tGwwF.,"Des Moines, Iowa, USA",https://t.co/l1zKlTUG8R,,,1
16513335,VoteVets,votevets,Mon Sep 29 16:00:48 +0000 2008,160506,3628,11156,15451,1549,,"Blocked by @realDonaldTrump. Since 2006, 600K veterans, military families, & supporters have been electing Veterans to office & fighting for progressive values.",United States,https://t.co/7RdMwFqnKv,,,1
41538528,Ian Cull,NBCian,Thu May 21 05:53:26 +0000 2009,3216,1013,9526,9217,127,,"News Reporter for @NBCBayArea. CA born. WA raised. Father. Gonzaga alum. Bodyboarder. Tweets about news, football, and futbol.","San Francisco Bay Area, CA",https://t.co/H3Soz4bMEu,,,1
17499394,Joe Garofoli,joegarofoli,Wed Nov 19 23:57:30 +0000 2008,10167,2183,6024,23294,526,,"Senior political writer, The San Francisco Chronicle @sfchronicle Host, ""It's All Political""podcast https://t.co/Pmvm1djXuR Insta: joegarofoli Go Steelers/Pens","San Francisco, CA",https://t.co/6Lep9rpOE2,,,1
69120698,Noelle Bellow,noellebellow,Wed Aug 26 22:45:04 +0000 2009,1630,1172,8422,16235,29,,"Reporter @KRON4news 🎥👩🏽‍💼 | Murrow & Emmy award winner | Talkative, nosy, storyteller | Laissez les bons temps rouler | opinions are mine","San Francisco, CA",https://t.co/XHcNXyAtcs,,,1
22182011,Jackie Valley,JackieValley,Fri Feb 27 19:57:26 +0000 2009,4185,1150,1520,7923,181,,Cleveland girl at heart. Beach lover. @kentstateuniv grad. @TheNVIndy reporter. Let me tell your story: jackie@thenvindy.com,"Las Vegas, NV",https://t.co/qOmFgE0Mk5,,,0
38553720,Armen Vidian,armenvidian,Thu May 07 23:59:03 +0000 2009,1128,1499,2888,2227,37,,Venture capitalist. Partner @dcvc. Views expressed here are my own.,"San Francisco, CA",https://t.co/IPNAr0XLQc,,,0
992753013143031808,Families vs Assault Rifles PAC,famsvarpac,Sat May 05 13:08:57 +0000 2018,4193,661,1156,989,20,,"We echo these courageous words, 'Either change the law or change the lawmakers.' Respect for the 2nd A! Join Our Mission. Insta: @famsvarpac     https://t.co/SqqKwoPqZx",United States,https://t.co/hCziVhJdtP,,,0
304679484,Mark Hamill,HamillHimself,Tue May 24 22:52:49 +0000 2011,3206877,469,288523,15227,12365,,"Believe in yourself! Work hard, never give up & anything's possible! OR: Kick back, relax & aim low: You'll never be disappointed...😜 NO DMs!",,,,,1
2370283937,Naveed Jamali,NaveedAJamali,Fri Feb 28 03:10:28 +0000 2014,49205,2099,29682,30281,708,,Former Double Agent (author of “How to Catch a Russian Spy”) | @MSNBC/@Newsweek/@fpri alum | Intel Officer | Seattle City Council D7 Candidate | Views my own,"Seattle, WA",https://t.co/fUQtZwFM6D,,,1
14125897,Jeanne Shaheen,JeanneShaheen,Tue Mar 11 17:48:18 +0000 2008,15677,3257,71,1590,853,,U.S. Senator from New Hampshire. This is the Twitter account of Shaheen for Senate.,New Hampshire,http://t.co/5XyW6PDSLP,,,1
361342191,OutFrontCNN,OutFrontCNN,Wed Aug 24 16:55:20 +0000 2011,292825,726,167,43926,1809,,"Smart and entertaining, @ErinBurnett is always OutFront of the news. Erin Burnett OutFront airs weeknights at 7pm ET on @CNN and on @CNNi Saturdays & Sundays.","New York, NY ",https://t.co/ohYB7WijK3,,,1
222554961,Dave Levinthal,davelevinthal,Fri Dec 03 19:19:58 +0000 2010,14832,989,15425,74515,740,,"Federal politics editor and senior reporter @Publici. Buffalonian emissary, fake arctic explorer. Tips: dlevinthal@publicintegrity.org","Washington, D.C.",https://t.co/3EwZkEekrM,,,1
887418059501305858,TheBeat w/Ari Melber,TheBeatWithAri,Tue Jul 18 21:05:27 +0000 2017,181961,821,1393,9854,1095,,"The Beat with @AriMelber is MSNBC’s 6pm show covering news, politics, law & culture | Podcast 👇","New York, NY",https://t.co/2Az6nOUxkF,,,1
292083207,Randy Bryce,IronStache,Tue May 03 02:27:46 +0000 2011,253119,4490,36971,32159,1444,,Dad/Veteran/Ironworker/Cancer survivor former candidate for Congress #WI01 Founder IronPAC,"Caledonia, WI",https://t.co/t47T74xaj5,,,1
45565185,Intelligencer,intelligencer,Mon Jun 08 13:34:27 +0000 2009,73493,1567,449,57593,2306,,"Intelligence, in every sense of the word. An @NYMag site. Subscribe here:  https://t.co/9fjwOsFFiR","New York, NY",https://t.co/KgHhsTvlol,,,1
205392468,Face The Nation,FaceTheNation,Wed Oct 20 19:37:47 +0000 2010,474216,1291,19,27773,2366,,"Moderated by @margbrennan of @CBSNews, we are America's premier public affairs program |  📸 IG: @facethenation","Washington, DC",http://t.co/mEuxzh5BbK,,,1
31875710,Clemen Wilcox,ClemenW,Thu Apr 16 15:10:47 +0000 2009,2021,4343,3298,3904,83,,Happiness is my most important goal. In addition to that project I am the owner at http://t.co/kKayohwJJw,,,,,0
324169263,Megan Messerly,meganmesserly,Sun Jun 26 03:51:38 +0000 2011,8564,1126,5985,15361,292,,"@thenvindy reporter covering 2020, health care + #nvleg | @ucberkeley alum + oc native | megan@thenvindy.com | dm for pgp + signal",on a 🚂,https://t.co/gIZ9PJK97O,,,1
580312540,Amee Vanderpool,girlsreallyrule,Mon May 14 22:47:15 +0000 2012,218361,48745,110929,70589,1393,,"Lawyer, Writer, Feminist, Sass-Mouth, Wordsmith, Quipster, Wonk. Contributor @Playboy-Commentary @BBC-Director @TheInanna-Journo Shero and a Scholar. DM's open.","Washington, DC (photo by Ron Capobianco)",https://t.co/85gWnsYSOI,,,0
69176047,Justifiable Cantankerousness,themattwalton,Thu Aug 27 02:31:01 +0000 2009,3519,4209,7358,11338,112,,"The Business That Is Show, Armchair Pundit, #AlbertMason in #RDR2, Dick Clark in #AmericanSoul on @BET, @AevolveToken Media Director.","New York, NY",https://t.co/sx0KIiaM1F,,,1
4091551984,Laurence Tribe,tribelaw,Sun Nov 01 17:43:49 +0000 2015,559987,1826,15129,26817,4188,,"""No matter what people tell you, words and ideas can change the world."" -- Robin Williams",,https://t.co/5kDQlyrUkn,,,1
816869611480186880,Pod Save America,PodSaveAmerica,Thu Jan 05 04:51:06 +0000 2017,428854,1,198,3292,2832,,A no-bullshit conversation about politics with hosts @jonfavs @danpfeiffer @tvietor08 & @jonlovett.,,https://t.co/dZmbRJwARU,,,1
1630896181,VICE News,vicenews,Mon Jul 29 17:40:09 +0000 2013,943474,783,3497,103372,11395,,#VICENewsTonight airs Tuesday-Friday at 7:30 PM on @HBO / Call us: 1.888.317.8423 / Sign up now for the VICE News Daily Brief https://t.co/4GC2cAfPjY,Worldwide,,,,1
45564482,New York Magazine,NYMag,Mon Jun 08 13:30:34 +0000 2009,1788061,868,1682,155035,14084,,"The ideas, people, and cultural currents that are forever reshaping the world.
Subscribe here: https://t.co/9fjwOsFFiR","New York, NY",https://t.co/h3Ulh5oQm9,,,1
2421067430,Tea Pain,TeaPainUSA,Mon Mar 31 21:05:45 +0000 2014,458699,128065,208279,75961,3009,,"Faithful Foot Soldier of the #Resistance - Born Thomas Elmer Addison Pain - July 4th, 1976","Gizzard Ridge, AR",https://t.co/m2ZpiFijZm,,,0
12011422,Brian Lehrer Show,BrianLehrer,Wed Jan 09 03:39:43 +0000 2008,60945,1082,10809,58820,1746,,"@WNYC radio host with conversations that matter. Live 10-12 ET, online always. Tweets signed BL are from Brian, unsigned from his awesome team. Cover 📷: AP","New York, NY",https://t.co/wwMlcHT7IP,,,1
40601473,Gina,redhed67,Sun May 17 03:41:10 +0000 2009,12865,12247,74211,332835,417,,"Progressive. Activist. Passionate and Bold. I *heart* PBO. Please follow back! If I don't follow back right away, hang in there! P.S. RWNJs will be blocked.",Haunting the GOP's nightmares.,,,,0
22658326,Snitty Blue Dawn #NeedToImpeach,viewsfordays,Tue Mar 03 18:46:05 +0000 2009,11694,12155,119013,90686,24,,Trump is a Russian ass-et. Bay Area native. Retired technology communications professional. #PRU #Resist #ClimateChangeIsReal #Science,,,,,0
13393052,ACLU,ACLU,Tue Feb 12 16:27:34 +0000 2008,1625770,5671,19677,46088,15411,,"The ACLU is a nonprofit, nonpartisan, legal and advocacy 501(c)(4) organization. Visit our site for more about us and our affiliated org, the ACLU Foundation.",All 50 states,https://t.co/AF1gbNeaRA,,,1
22162854,Planned Parenthood Action,PPact,Fri Feb 27 17:18:45 +0000 2009,495977,2281,5949,45937,5345,,"Paid for in part by Planned Parenthood Votes, 123 William St., NY NY 10038. Not authorized by any candidate or candidate's committee.",USA,https://t.co/MwnKtaso7n,,,1
376000557,Marcus J. DiPaola,marcusdipaola,Mon Sep 19 03:48:50 +0000 2011,11422,1182,3258,3656,227,,Freelance field producer covering breaking news/nat'l politics. Video on @GettyImages. As a millennial my dream is a job with health insurance. Please hire me.,"Washington, DC",https://t.co/lXuPC20Ugf,,,1
1233051272,Joseph A. Wulfsohn,JosephWulfsohn,Sat Mar 02 05:42:29 +0000 2013,1149,223,3211,7825,38,,"Media Reporter @FoxNews. Formerly @Mediaite, @FDRLST, @DailyCaller. Send tips, hate mail, love letters to joseph.wulfsohn@foxnews.com","Chicago, IL",https://t.co/bY2FP0sebQ,,,0
14578312,"Jamie, that “Chicago Bitch.”",thewayoftheid,Tue Apr 29 01:04:42 +0000 2008,37426,1669,20820,284316,775,,@BlockClubChi Reporter for Englewood/Auburn Gresham/Chatham. Deadbeat Dad of @NerdgasmNoire. Dorothy Parker enthusiast. @HoodFeminism 4eva.,In your liquor cabinet. ,https://t.co/48Y7ApjjCO,,,1
1333467482,CoinDesk,coindesk,Sun Apr 07 07:50:08 +0000 2013,804621,1061,3981,59860,9842,,"The latest news, prices, charts, guides and analysis from the world leader in bitcoin, crypto and blockchain tech.","New York, USA",https://t.co/zFYJLsdp1R,,,1
338298739,Richard Martinez,riromtz,Tue Jul 19 11:13:34 +0000 2011,22475,20399,17815,19321,101,,"My son Chris was shot and killed in Isla Vista, CA 5/23/14. 🛑 GUN VIOLENCE IN AMERICA. Too many have died. Not One More. 🇺🇸Army Veteran 🌊🌊 (personal posts)",,https://t.co/Y74qsrBAum,,,0
62919588,Joel Rubin,JoelMartinRubin,Tue Aug 04 20:29:33 +0000 2009,4834,2239,555,1999,84,,Former Deputy Assistant Secretary of State | Democratic Strategist | National Security & Political Commentator | @chevychasetown Council | @dempartners | @Axios,"Washington, DC",https://t.co/YEFAKTjkyP,,,1
18805644,FoxNewsSunday,FoxNewsSunday,Fri Jan 09 16:25:42 +0000 2009,258096,813,649,13615,3062,,Fox News Sunday with Chris Wallace,"Washington, D.C.",http://t.co/bHEAnMY75x,,,1
23176276,Meghan McCain,MeghanMcCain,Sat Mar 07 07:49:49 +0000 2009,673624,603,20049,23932,7306,,Co-host of @TheView. @ABCPolitics analyst. Blonde Republican. Rabble rouser. Ice queen. Mrs. Domenech. #FuckCancer 🇺🇸🌵,Arizonan,,,,1
1731223328,Scott Charles,TheScottCharles,Thu Sep 05 08:02:56 +0000 2013,6696,1340,41250,24396,83,,Gun violence educator • Trauma outreach coordinator • @RWJF Community Health Leader • Teaching the medical realities of firearm injury,Philly,https://t.co/ZnM5AmiZd4,,,0
166733406,Healthy Living with Ash,AshDGallagher,Wed Jul 14 21:47:48 +0000 2010,453,5001,9423,1443,5,,"Founder of Instagram @healthylivingwithash. Johns Hopkins Health Policy PhD. Wife to Chad, Mum to Izzy. Love living in Charm City!","Baltimore, MD",https://t.co/AhstXRW5Ke,,,0
73754019,Jaime Harrison,harrisonjaime,Sat Sep 12 22:51:23 +0000 2009,136765,5837,9932,14327,515,,"Son of a single mom. Born & raised in Orangeburg, SC. Fighting for working people. Running for US Senate to #SendLindseyHome. Join us ⬇️",South Carolina,https://t.co/yV5gPlbZhc,,,1
40557819,Sylvia R. Garcia,LaCongresista,Sat May 16 22:43:33 +0000 2009,17867,712,3122,15452,483,,"Congresswoman, Tx-29, Houston Region. Former Tx State Senator w 25+ yrs in public service. Working for the people. Native Texan. Catholic. One of ten children.","Houston, Texas",https://t.co/lch5d5up5X,,,0
16224459,Equality California,eqca,Wed Sep 10 17:50:34 +0000 2008,32217,1624,3367,19525,890,,Equality California is the nation’s largest statewide #LGBTQ civil rights organization. Executive Director: @rick_zbur // Spox: @sgarrettpate,California,https://t.co/6k61RzrjA5,,,1
252751061,TicToc by Bloomberg,tictoc,Tue Feb 15 20:50:58 +0000 2011,714887,1218,753,139548,5873,,Global news for the world we live in now.,,https://t.co/O0sSpXABY4,,,1
22129280,Jim Sciutto,jimsciutto,Fri Feb 27 11:07:05 +0000 2009,303449,772,2825,27917,5295,,"Co-Anchor CNN Newsroom & CNN Chief National Security Correspondent. Author, “The Shadow War” May 14: https://t.co/i7OXFQa3yR","Washington, DC & New York, NY",https://t.co/QzackVpdlc,,,1
57501560,Brittany Lothe,brittanylothe,Fri Jul 17 00:53:54 +0000 2009,1973,303,6298,4025,119,,"Wife. Mom. Passionate about simplifying the way we work @SAP, @willswayus & #sharedvalue. Lifelong @Packers @UWBadgers @Brewers fan. Views here are my own.","Chicago, IL",https://t.co/jTn08qoGcc,,,0
19712795,Vive la résistance!,LibFem,Thu Jan 29 14:26:35 +0000 2009,2213,2644,1277,14605,67,,Proud grassroots organizer with #TheResistance. MA in Human Rights. #NeverMyPresident #FamiliesBelongTogether,,,,,0
43078558,Beatrice-Elizabeth Peterson,MissBeaE,Thu May 28 09:23:24 +0000 2009,5550,2131,30313,96042,213,,Covering 2020 🗳 at @ABC 📺📻🎥📝 Ex-fiddler who sometimes sings while picking a banjo. Email Beatrice.e.peterson@abc.com| IG/FB @Missbeae,"Washington, DC",,,,1
268563436,Max Kanin,MDKanin,Sat Mar 19 01:22:36 +0000 2011,539,244,26353,28471,43,,"Political Attorney and Campaign Treasurer, LGBT Civil Rights Advocate, California Democratic Party Delegate, cupcake afficianado, and amateur cook/baker.","Beverly Hills, CA",http://t.co/EIEfHr8B7w,,,0
27973524,Alice Stewart,alicetweet,Tue Mar 31 21:56:53 +0000 2009,16536,2936,4454,15182,416,,@CNN Political Commentator ~ @HarvardIOP Resident Fellow ~ @NPR Contributor ~ Marathoner ATL➡️SAV➡️LIT➡️DCA Insta: alicestewartdc,"Washington, DC",https://t.co/lVD6ZOHhLX,,,1
56917394,I AM _________,VJShordee444,Wed Jul 15 03:54:01 +0000 2009,12724,10987,50950,78737,89,,My kids have 4 legs #AnimalLover Living w/ #ChronicPain #Fibro #PTSD LadyBugsRock 🛑Trumpism #McConnellIsEvil #GrabYourWallet #TrumpIsAGlobalThreat #WTP2020,#StateOfTransition ,https://t.co/ILILH7JU9s,,,0
16870630,Jeff Kasky,JeffKasky,Mon Oct 20 17:19:49 +0000 2008,9160,1062,7633,10030,45,,"If I block you it's probably because you're a douchebag, so don't take it personally.","Delray Beach, FL",https://t.co/qHIhFTdZRT,,,0
969431090,BEMc🍌🙈🙉🙊🍌,PaxRiver78,Sun Nov 25 05:18:33 +0000 2012,2447,3263,13059,4737,2,,"🌊VOTEBLUE🌊

#IMPEACH  #MarchAgainstFascism 


Mother, wife, free-thinking, strong-willed woman that stays up too late. 

*Running to stand still*",Philly Burbs,,,,0
17146256,jhwygirl,jhwygirl,Tue Nov 04 01:52:48 +0000 2008,2671,3024,896,57009,110,,"Proud member of the internet left fringe. Blogging Missoula & Montana & everything else that matters._x000d_
RTs are just RTs.",Missoula,http://t.co/vCyFshpdOI,,,0
726489366571311104,Laurie Black,LaurieBlackSD,Sat Apr 30 19:12:17 +0000 2016,1530,854,10232,11932,97,,"Mom/Grandma, Advocate for Melanoma, Climate, Veterans, Mental Health, Homeless, Choice, GunSafety,Democrat, Don't embrace mediocrity #integritymatters","San Diego, CA",,,,0
565775238,Alexis Fernandes,AlexFTweets,Sat Apr 28 19:44:57 +0000 2012,470,1006,68758,46145,27,,"Girl with a Ball RLichtenstein_x000d_
World citizen, lover of technology, freedom, ideas, art, music, science, nature, social entrepreneurship - and many other things","Paris, France",,,,0
1378206218,Vikki Brown,VikkiBrown4U,Wed Apr 24 23:19:53 +0000 2013,118,242,180,131,1,,"Activist. Community builder. Chair, Black Hawk County Democrats. Tweets and retweets are my own. No endorsements implied.","Waterloo, IA",,,,0
21258337,The View,TheView,Thu Feb 19 00:18:04 +0000 2009,762167,1528,12952,56698,3573,,"The place to be heard! Your comments/handle may be used by The View, i.e., being published online/on TV.

Buy our new 'View' mug and more: https://t.co/TYBbcL2Oaw",Weekdays 11e|10c|p on ABC,https://t.co/mToQBTQhqU,,,1
97114302,Julia Jester,JulesJester,Wed Dec 16 02:20:01 +0000 2009,3012,2270,10954,13607,86,,"2020 political campaign embed @nbcnews | forever @georgetown | past: @todayshow • @nbcupageprogram • @voxdotcom | (♥s = flags, not endorsements) #NHpolitics",New Hampshire,,,,1
894680030361636865,SE Cupp Unfiltered,UnfilteredSE,Mon Aug 07 22:01:56 +0000 2017,16108,18,2,1368,155,,"Right to the point. Join @secupp on @CNN, Saturdays at 6p ET.",,,,,1
158414847,The Daily Show,TheDailyShow,Tue Jun 22 16:41:05 +0000 2010,7951102,531,1274,18985,37018,,Trevor Noah & The World’s Fakest News Team. Weeknights 11/10c @ComedyCentral. Tickets: https://t.co/otjFIiMtNU,,https://t.co/BAakBFaEGx,,,1
1561513992,James Costos 🇺🇸,JamesCostos,Mon Jul 01 21:42:50 +0000 2013,16687,2182,10696,5882,291,,Author - Ambassador - Proud Citizen - Son of a U.S. Marine #AlwaysForwardTogether,United States,,,,1
18124790,Michelangelo Signorile,MSignorile,Sun Dec 14 22:59:12 +0000 2008,71111,8300,12368,56763,1530,,"Host, Michelangelo Signorile Show @SiriusXM, @SXMProgress, 3-6 ET Mon-Fri, ch 127 | Veteran gay journalist | commentator | best-selling author | Pit bull lover.",NYC,https://t.co/rrcY9QUfV2,,,1
31058145,Ali Vitali,alivitali,Tue Apr 14 04:32:10 +0000 2009,82433,3458,18239,33421,2020,,"@NBCnews Political Reporter | one the @msnbc #RoadWarriors, on the trail (again) for 2020. Cautiously optimistic NY Giants fan. RTs not endorsements.",An early voting state near you,https://t.co/iU1zNlXNPn,,,1
15554922,CAP Action 🏳️‍🌈,CAPAction,Wed Jul 23 03:36:34 +0000 2008,63050,6163,685,49014,2290,,Hard-hitting news + analysis paired with action on the issues that matter most. Working alongside @AmProg & @ThinkProgress.,,http://t.co/PoAJevCiwb,,,1
15640533,SFBART,SFBART,Tue Jul 29 01:45:23 +0000 2008,315163,751,2626,31259,2542,,"We provide train service throughout the San Francisco Bay Area. Customer Services monitors M-F, 9-5. For automated updates: @SFBARTalert","Oakland, CA",https://t.co/UEsuK8w5LQ,,,1
17824322,Steve Contorno,scontorno,Wed Dec 03 01:05:20 +0000 2008,6008,3163,4709,29299,337,,"Political editor for the @TB_Times. Covering power, politics and influence in the Sunshine State. 

I'm on Signal: 813-438-3481. DMs are open.","Tampa, Florida",https://t.co/u2jDQgy6Ru,,,1
605153786,"Leana Wen, M.D.",DrLeanaWen,Mon Jun 11 05:56:19 +0000 2012,71786,3511,4526,21329,938,,"President of Planned Parenthood Action Fund @PPact. Pres/CEO of @PPFA. Fmr Baltimore City Health Commissioner. Emergency physician, patient advocate, Eli's Mom.","Baltimore, MD",https://t.co/12CHSWECs1,,,1
17348735,Cal Perry,CalNBC,Wed Nov 12 21:04:15 +0000 2008,20801,421,3174,23098,1019,,Journalist. Correspondent. @NBCNews International; Husband of @njameel9 & servant of two totos. Instagram: @calnbc,Global,https://t.co/TouDVeULbs,,,1
750046943905058816,Debbie Mucarsel-Powell,DebbieforFL,Mon Jul 04 19:21:41 +0000 2016,11793,704,3736,2033,308,,First-generation American. Latina. Mother. Former Associate Dean at Florida International University. Community Leader. Democrat. Congresswoman #FL26.,"Miami, FL",https://t.co/qKiOskpdQi,,,1
152142811,Noticias Telemundo,TelemundoNews,Sat Jun 05 05:22:50 +0000 2010,687283,862,362,126553,2784,,"Noticias del 🌎 y de nuestra comunidad, #LasCosasComoSon",United States,https://t.co/9DyssB93b6,,,1
21812653,Morgan Chesky,BreakingChesky,Tue Feb 24 23:36:40 +0000 2009,5890,510,95,19745,227,,@NBCNews | Texan | Traveler | Eagle Scout | Got a news story? DM’s open,"Miami, FL",https://t.co/YbF7YO1Thj,,,1
552168133,Jess Nelson,_JessNelson_,Thu Apr 12 21:01:46 +0000 2012,1085,2908,2987,5821,80,,Reporting on all things Miami for the @MiamiNewTimes. Bay Area ✈️ NYC ✈️ Miami. @UCBerkeley & @columbiajourn. Say hi at Jess.nelson@miaminewtimes.com,"Miami Beach, FL",,,,0
23314049,yvette nicole brown,YNB,Sun Mar 08 14:47:33 +0000 2009,399190,2087,20629,122138,4100,,"Just a scripted-line saying, game show playing, TV show talking, notebook hawking super nerd! #StayWoke ❤✊🏽",Fiddling with your mind,https://t.co/JUVeh0yo1C,,,1
7860902,ilyse hogue,ilyseh,Tue Jul 31 22:38:48 +0000 2007,45514,5699,11490,25848,977,,President of @NARAL Pro-Choice America. Proud Texan. A rising lady lifts all boats.,"Washington, DC",https://t.co/r6NCKcqA7A,,,1
3128898925,Trish Zornio,trish_zornio,Thu Apr 02 04:02:16 +0000 2015,72771,68669,6462,2058,159,,Science - Rock Climbing - Politics - Candidate for U.S. Senate CO 2020 (D) #TeamTrish #2020Vision,"Superior, CO",https://t.co/BmtBLIZjyk,,,1
2888303193,Jackson Brown,Dreamwarrior5k,Sat Nov 22 21:13:39 +0000 2014,644,956,1737,4965,4,,Massachusetts Moms Demand Action Gun Owners Spokesperson and Gun Safety Advocate. Views are my own and may not reflect those of Moms Demand Action.,Momsdemandaction.org,,,,0
983379150328270848,Team ENOUGH 🌈,Team_Enough,Mon Apr 09 16:20:34 +0000 2018,1780,1324,1195,1381,28,,"A program of @bradybuzz, we’re a youth-led initiative that educates & mobilizes young people to end gun violence. #enoughisenough",,https://t.co/nN6CoOmbip,,,0
18515250,Rev. Mariama,RevMariama,Wed Dec 31 20:29:26 +0000 2008,2072,356,124,1960,43,,"Rev. Mariama White-Hammond is a pastor, activist, artist & facilitator working to build social movements while keeping it strategic, simple, grounded and fun.",Boston,,,,0
115884342,Keshet Bachan 🌈,KeshetBachan,Sat Feb 20 09:04:42 +0000 2010,1679,754,20091,22256,146,,"Feminist, gender & diversity expert by day, friend to all Instagram cats by night.","Palo Alto, CA",,,,0
45671898,Karen Finney,finneyk,Mon Jun 08 21:10:40 +0000 2009,169407,1339,6226,15469,2228,,"CNN Political Commentator Democrat. Indep consultant.  Fmr Sr. Adv Stacey Abrams 2018; Sr. Advisor/Spokes Clinton ‘16. writer, dog lover. Tweets my own opinions",DC,,,,1
15174710,MomsRising,MomsRising,Thu Jun 19 23:49:24 +0000 2008,65053,20627,28002,193929,2196,,"All content we post here is from MomsRising Together, a 501(c)(4) social welfare org, unless otherwise stated. More info: https://t.co/GOs0KCxMEK",U.S.A.,http://t.co/aw7TJHLq7o,,,1
33256849,CSGV,CSGV,Sun Apr 19 17:33:48 +0000 2009,35694,3651,4257,61611,735,,"We seek to secure freedom from #gunviolence through research, engagement & advocacy. Affiliate organization of the @EFSGV. IG 📷 coalitiontostopgunviolence","Washington, DC",,,,1
18812301,Katie Couric,katiecouric,Fri Jan 09 19:41:19 +0000 2009,1736138,3548,8347,38881,12488,,"Journalist, @SU2C founder and head of Katie Couric Media! Be the first to receive my newsletter, Wake-Up Call by signing up through the link in my bio!","New York, NY",https://t.co/cwcf4RdhuK,,,1
1017637447,Moms Demand Action,MomsDemand,Mon Dec 17 14:52:28 +0000 2012,241659,10515,28033,35186,1820,,Join our grassroots movement of Americans demanding reasonable solutions to address our nation’s culture of gun violence. @MomsDemand is a part of @Everytown.,USA,https://t.co/U0ZLk1Xh2Z,,,1
17889737,Susan Tran,susantran,Fri Dec 05 04:12:57 +0000 2008,13773,1165,2186,66251,482,,"Reporter @NBC10Boston/@NECN. Worked in Utica, NY & Charlotte, NC. BU grad! SoCal girl loving East Coast! susan.tran@nbcuni.com","Boston, MA",https://t.co/HNhOhwIUAa,,,1
24165761,Michael Skolnik,MichaelSkolnik,Fri Mar 13 12:55:21 +0000 2009,293306,835,147197,71054,3975,,Entrepreneur • Civil Rights Activist • Co-Founder and Co-Owner of @WeAreSoze. Proud father of Mateo Ali. Board Member: Trayvon Martin Fdn. ✉️:info@mskolnik.com,,https://t.co/yo4I8gOjqZ,,,1
