User Id,Name,Screen Name,Created At,Followers,Following,Favorites,Tweets,Lists,Language,Bio,Location,URL,Timezone,UTC Offset,Verified
357606935,Elizabeth Warren,ewarren,Thu Aug 18 16:43:48 +0000 2011,2717159,336,8,4749,12682,,"US Senator, MA. Former teacher & law professor. Wife, mom (Amelia, Alex, Bailey, @CFPB), grandmother, & Okie. Official account: 2020 Presidential Campaign.",Massachusetts,https://t.co/BtKfTKRCOR,,,1
1339835893,Hillary Clinton,HillaryClinton,Tue Apr 09 18:04:35 +0000 2013,24728278,797,1118,10987,42131,,"2016 Democratic Nominee, SecState, Senator, hair icon. Mom, Wife, Grandma x2, lawyer, advocate, fan of walks in the woods & standing up for our democracy.","New York, NY",https://t.co/99DVW9q1yt,,,1
15554922,CAP Action 🏳️‍🌈,CAPAction,Wed Jul 23 03:36:34 +0000 2008,63038,6163,685,49014,2290,,Hard-hitting news + analysis paired with action on the issues that matter most. Working alongside @AmProg & @ThinkProgress.,,http://t.co/PoAJevCiwb,,,1
3065900255,Hillary for NH,HillaryforNH,Mon Mar 02 03:51:50 +0000 2015,17265,1084,3158,6567,207,,Hillary for New Hampshire is the official account for our grassroots team to elect @HillaryClinton. Follow us for updates & to get involved! #603forHRC,New Hampshire,http://t.co/6Y0nDEmQTK,,,1
16742806,Russ Feingold,russfeingold,Tue Oct 14 18:06:35 +0000 2008,48075,4461,34,2925,2194,,"Wisconsin progressive, born and raised. Listening to and serving the great people of my home state for nearly 30 yrs.","Middleton, WI",http://t.co/HEbTPfYhdY,,,1
3088855679,Hillary for WI,HillaryforWI,Thu Mar 12 13:30:17 +0000 2015,5044,148,524,2422,47,,"Hillary for WI is the official account for our grassroots team to elect @HillaryClinton & @TimKaine. Thank you, Wisconsin.",Wisconsin,https://t.co/r61SMMTrdy,,,1
16017475,Nate Silver,NateSilver538,Wed Aug 27 20:56:45 +0000 2008,3203301,1179,664,24055,30422,,"Editor-in-Chief, @FiveThirtyEight. Author, The Signal and the Noise (https://t.co/EYTxvN6BLY). Sports/politics/food geek.",New York,http://t.co/wNpFg2xg4f,,,1
158414847,The Daily Show,TheDailyShow,Tue Jun 22 16:41:05 +0000 2010,7951122,531,1274,18985,37019,,Trevor Noah & The World’s Fakest News Team. Weeknights 11/10c @ComedyCentral. Tickets: https://t.co/otjFIiMtNU,,https://t.co/BAakBFaEGx,,,1
14377605,The Democrats,TheDemocrats,Sun Apr 13 20:23:13 +0000 2008,1605979,1433,126,27413,10681,,"The official Twitter account of the Democratic National Committee, led by Chair @TomPerez. Join our team to get the latest info on Democratic news and issues.","Washington, D.C.",https://t.co/CpNJYb5UrL,,,1
722793491059769344,Democratic Party,DNC,Wed Apr 20 14:26:12 +0000 2016,66500,4,48,561,583,,We’re working around the clock to elect Democrats across the country. Looking for the official voice of the DNC? Follow us here: @TheDemocrats,"Washington, DC",https://t.co/oHfymqBiSQ,,,1
14466538,Senate Democrats,dscc,Mon Apr 21 20:28:18 +0000 2008,109835,15941,170,12528,2301,,"Democratic Senatorial Campaign Committee. Work to elect Senate Dems for a fair economy, safe country & opportunity for all. Last line of defense against Trump.",,http://t.co/0Ct1ghIKra,,,1
2836421,MSNBC,MSNBC,Thu Mar 29 13:15:41 +0000 2007,2505550,636,672,169503,22550,,"The place for in-depth analysis, political commentary and informed perspectives.",,https://t.co/5TAF6ijWwt,,,1
398178146,StopHandgunViolence,stophandguns,Tue Oct 25 17:53:17 +0000 2011,8376,6511,3312,9748,164,,"We are committed to preventing gun violence through education, public awareness, effective law enforcement and common sense gun safety laws. #GrassrootsGVP","Boston, MA",https://t.co/VUUwqrdOzU,,,1
39547629,The King Center,TheKingCenter,Tue May 12 17:26:01 +0000 2009,82704,470,8205,15274,875,,"The official living memorial to #MLK, founded by #CorettaScottKing to educate on nonviolence and build the #BelovedCommunity. #Nonviolence365®️. #Atlanta","Atlanta, GA",https://t.co/Q4wXZvJP75,,,1
54617733,Be A King,BerniceKing,Tue Jul 07 17:30:48 +0000 2009,248146,393,16741,12963,1667,,"Bernice A. King is a connector, communicator, community builder, CEO of @TheKingCenter, and child of legendary global influencers.","Atlanta, GA",https://t.co/zq0VeoIg6H,,,1
1055907624,Rep. Joe Kennedy III,RepJoeKennedy,Wed Jan 02 19:33:36 +0000 2013,766247,696,12,5184,3208,,"Official Twitter account of Congressman Joe Kennedy III, representing Massachusetts' 4th Congressional District.",,https://t.co/rYNEysanC2,,,1
19637767,Rich Cordray,RichCordray,Wed Jan 28 05:22:46 +0000 2009,21138,304,47,2178,262,,"Father of twins, husband, and former Director of the @cfpb. Lifelong constitutional enthusiast. Former Candidate for Ohio Governor alongside @BettySutton","Grove City, OH",https://t.co/EMInyi6BFf,,,1
632301127,NWS Boston,NWSBoston,Tue Jul 10 20:40:48 +0000 2012,75022,117,286,40768,1960,,"Official Twitter Account for National Weather Service - Boston / Norton, MA. Details: https://t.co/mRyGMdRYT3","Norton, MA",https://t.co/GTS6dlFjaw,,,1
93673775,MEMA,MassEMA,Mon Nov 30 17:27:03 +0000 2009,98109,402,2353,7641,1778,,"Massachusetts Emergency Management Agency.             Mass Alerts smartphone app: http://t.co/Dkd0Me1h3z
               For emergencies call 9-1-1.",Massachusetts,http://t.co/OynbLW81SO,,,1
25704351,BoldProgressives.org,BoldProgressive,Sat Mar 21 18:00:46 +0000 2009,66935,5139,5583,20890,1985,,Progressive Change Campaign Committee (PCCC). Over 1 million members and growing. We support bold candidates and organize for progressive priorities. #p2,USA,https://t.co/gGvN9R7Hj5,,,1
77764733,Mayor Marty Walsh,marty_walsh,Sun Sep 27 15:55:11 +0000 2009,291293,2214,421,13395,1834,,"Mayor, City of Boston. Tweets by staff with tweets from the Mayor signed MJW.","Boston, Mass.",http://t.co/EWb07Q9QEU,,,1
119250381,Carolyn B. Maloney,CarolynBMaloney,Wed Mar 03 02:55:17 +0000 2010,16940,3888,467,2620,760,,"Former teacher, consumer champion, equal rights activist, progressive Congresswoman.❤️#NY12 

Donate: https://t.co/kzE4kSR3AT
Volunteer: https://t.co/9RJXYecdPG",,https://t.co/R1UWOB1YGw,,,1
15662282,MA Democratic Party,massdems,Wed Jul 30 16:27:48 +0000 2008,23780,3633,1382,11696,543,,This is the official Twitter for the Massachusetts Democratic Party. Follow us for updates on Democratic leaders and #mapoli! #Org2Win,,https://t.co/eBYahjU12b,,,1
1964991720,Maura Healey,maura_healey,Wed Oct 16 15:45:25 +0000 2013,43278,7207,2646,6629,457,,"Attorney General of Massachusetts, tweeting from the AG's office as @MassAGO. Managed by Maura's team at the Maura Healey Committee. https://t.co/yTYKJzlsdW.",Massachusetts,https://t.co/yTYKJzlsdW,,,1
268414482,Miley Ray Cyrus,MileyCyrus,Fri Mar 18 18:36:02 +0000 2011,42936205,346,433,10197,59138,,BLACK MIRROR OUT NOW 💜 SHE IS COMING OUT NOW 👑 https://t.co/wG8fKuxZT4,,https://t.co/w5oy1cN4nj,,,1
2806253912,Joe Sanberg,JosephNSanberg,Fri Sep 12 21:55:52 +0000 2014,117456,3702,29367,9800,293,,Mission: Financial Security for All! Chair & Champion of #EITC @CalEITC4Me; Co-Founder @Aspiration; Instagram: https://t.co/90ALE3dx1y,"Los Angeles, CA",https://t.co/5Ooivwd0zZ,,,1
90309830,Every Voice,EveryVoice,Mon Nov 16 03:02:04 +0000 2009,15897,974,475,18981,469,,"Because in American democracy, 
every voice should be heard.","Washington, DC",http://t.co/NQ0ZYjoNUI,,,1
13524182,Dave Weigel,daveweigel,Fri Feb 15 17:58:23 +0000 2008,468662,11207,15421,195963,11383,,"Covering politics for @washingtonpost. daveweigel@gmail.com, 202-334-7387. @CWAUnion member. Buy my book: https://t.co/qbUTkz3CBR (Avatar by @damnyouregis)","Washington, D.C.",https://t.co/fH66dGGX87,,,1
19608297,Human Rights Campaign,HRC,Tue Jan 27 18:55:38 +0000 2009,820697,157544,18474,47506,8909,,"HRC is the nation’s largest LGBTQ civil rights organization. We envision a world where LGBTQ people are ensured equality at home, at work & in every community.","Washington, DC",https://t.co/aqJODv04ld,,,1
760307860408406016,Danny Stone,dsdjstone,Tue Aug 02 02:54:54 +0000 2016,65,54,115,31,0,,"Teacher, writer, singer, child of Mother Earth","Boston, MA",https://t.co/xbj1hKGYYt,,,0
2902357828,Larissa,originallarissa,Tue Dec 02 13:48:24 +0000 2014,243,97,10132,3561,1,,Crunchwrap Supreme no sour cream 🙃,"Massachusetts, USA",,,,0
1029465563737858049,Sara Morris,SaraMADems,Tue Aug 14 20:31:31 +0000 2018,68,3,10,22,0,,Organizing for @elizabethforMA in Boston! Follow or DM me to find out more about getting involved with Team Warren in Boston!,"Massachusetts, USA",https://t.co/50gIfNrxBn,,,0
1029478075673796608,Jessica Taylor,JessMADems,Tue Aug 14 21:21:14 +0000 2018,52,5,36,28,0,,Organizing for @elizabethforMA and @massdems in Western MA. Follow me to find out more about getting involved with Team Warren!,"Massachusetts, USA",https://t.co/50gIfNrxBn,,,0
22162854,Planned Parenthood Action,PPact,Fri Feb 27 17:18:45 +0000 2009,495978,2281,5949,45937,5346,,"Paid for in part by Planned Parenthood Votes, 123 William St., NY NY 10038. Not authorized by any candidate or candidate's committee.",USA,https://t.co/MwnKtaso7n,,,1
65698096,Southern Poverty Law Center,splcenter,Fri Aug 14 18:18:55 +0000 2009,370822,4081,1157,30727,5484,,"The Southern Poverty Law Center combats hate, intolerance, and discrimination through education and litigation. Founded in 1971.

Cover: AP Photo/Matt Rourke","Montgomery, Alabama",https://t.co/xyzZm1D3Ln,,,1
2996801,WBUR,WBUR,Fri Mar 30 17:54:53 +0000 2007,78435,2227,2068,154222,2612,,Boston's NPR News Station - 90.9 FM. Mass. home of @WBURartery @CogWBUR @CommonHealth @BostonomiX @RadioBoston @OnPointRadio  @HereAndNow @OnlyAGameNPR,Boston,http://t.co/SXUqvnO0f6,,,1
2923387343,"Town of Andover, MA",AndoverMaGov,Mon Dec 15 18:47:10 +0000 2014,3149,117,380,805,51,,"The Official Twitter Feed of the Municipal Government of the Town of Andover, Massachusetts","Andover, Massachusetts USA",http://t.co/hDy3sAil10,,,0
251892709,Mass State Police,MassStatePolice,Mon Feb 14 02:03:00 +0000 2011,507206,790,2357,19418,2361,,Official Twitter account of the Massachusetts State Police. Account is not monitored 24/7. To report a crime dial 9-1-1 https://t.co/yzQBzhPFr9,"Massachusetts, USA",https://t.co/TFKwF0eKpG,,,1
26657119,MoveOn,MoveOn,Thu Mar 26 01:43:36 +0000 2009,345487,2676,5173,71816,6334,,"It's our democracy. Take action and get involved. Together, we can save it. https://t.co/jmLD2vTYG2",United States,https://t.co/75YvbpYTmT,,,1
369602017,National Immigration Law Center,NILC,Wed Sep 07 16:47:34 +0000 2011,76629,1290,1529,21712,1241,,Defending and advancing the rights and opportunities of low-income immigrants and their family members. #ProtectTheDream #DreamAndPromiseNow,Nationwide,https://t.co/IA7K2djgB3,,,1
61226587,NCAI,NCAI1944,Wed Jul 29 15:54:27 +0000 2009,43707,1276,2789,5552,715,,"Founded in 1944, the National Congress of American Indians is the oldest, largest & most representative American Indian & Alaska Native org in the country.","Washington, D.C.",http://t.co/Uwd2PH8E2N,,,0
44988185,NAACP,NAACP,Fri Jun 05 20:32:34 +0000 2009,401992,32037,8500,28521,4129,,"Founded 1909, the NAACP is the nation's first and largest grassroots–based civil rights organization. Over 2,000 volunteer-run branches nationwide.","Baltimore, MD",https://t.co/SfpEmDtN9O,,,1
28796289,CWA,CWAUnion,Sat Apr 04 13:55:45 +0000 2009,46281,2955,3469,14752,841,,Building a Movement for Economic Justice and Democracy,,http://t.co/fJsf5c697c,,,1
13393052,ACLU,ACLU,Tue Feb 12 16:27:34 +0000 2008,1625770,5671,19677,46088,15411,,"The ACLU is a nonprofit, nonpartisan, legal and advocacy 501(c)(4) organization. Visit our site for more about us and our affiliated org, the ACLU Foundation.",All 50 states,https://t.co/AF1gbNeaRA,,,1
27793335,ColorOfChange.org,ColorOfChange,Tue Mar 31 02:31:36 +0000 2009,133856,3178,6678,35229,2112,,"We design campaigns powerful enough to end practices that unfairly hold Black people back, & champion solutions that move us all forward. #UntilJusticeIsReal.",,https://t.co/A7uNOg8uWR,,,1
9589252,Voto Latino,votolatino,Mon Oct 22 02:04:15 +0000 2007,93417,3232,20669,48099,1529,,Voto Latino is a pioneering civic media organization that seeks to transform America by recognizing Latinos’ innate leadership. #SomosMas,IG: VotoLatino,https://t.co/0QIL25ebX4,,,1
16967845,National Women's Law Center,nwlc,Sat Oct 25 15:47:20 +0000 2008,70235,2706,2287,36664,2050,,Justice for her. Justice for all. Housing and administering the @TIMESUPLDF.,"Washington, DC",,,,1
17006036,NARAL,NARAL,Mon Oct 27 20:11:49 +0000 2008,192803,5957,20268,57272,2896,,NARAL Pro-Choice America fights to protect & expand reproductive freedom for all. #StopTheBans,"Washington, DC",https://t.co/FVWpmRfmi7,,,1
274440617,Ammar Campa-Najjar,ACampaNajjar,Wed Mar 30 09:12:37 +0000 2011,32040,1712,3238,2326,323,,"Running for Congress (CA-50). Small business owner. Former federal official (DOL). Son of a union mom, community college & SDSU alum.","San Diego, CA",https://t.co/9BWVvI28NQ,,,1
31583882,GLAAD,glaad,Thu Apr 16 01:04:04 +0000 2009,434080,44018,19683,46982,5220,,The voice for acceptance.,United States,http://t.co/M1Go8bMgaL,,,1
23024099,MA Young Dems (YDMA),MAYoungDems,Fri Mar 06 03:33:49 +0000 2009,7497,2195,1010,6134,178,,"YDMA is the MA chapter of @YoungDems of America - providing you with news, info, & resources to engage the political system & your local community",Massachusetts,https://t.co/yHWBA5Du7i,,,0
718519004,Mass. Elections,VotingInMass,Thu Jul 26 18:36:22 +0000 2012,3567,633,142,2411,118,,"Official account of the Elections Division, Office of the Secretary of the Commonwealth of Massachusetts. Register online at https://t.co/Kkb3r1CYa6.",Massachusetts,http://t.co/jYCPnAbyJp,,,1
113400037,Planned Parenthood,PPAdvocacyMA,Thu Feb 11 16:49:51 +0000 2010,6628,1671,3893,9969,177,,We're the Planned Parenthood Advocacy Fund of Massachusetts. We work to protect and advance reproductive rights in the state.,Massachusetts,https://t.co/MFw03BOxLc,,,1
369059154,Progressive Mass,ProgressiveMass,Tue Sep 06 17:59:24 +0000 2011,8086,6045,8223,20645,197,,"building and strengthening the progressive grassroots across MA.  #ProgMA. https://t.co/36xXGu14hs
also--we have a scorecard: https://t.co/MiTL5nst7n",Massachusetts,https://t.co/qKrswC96p6,,,1
49480059,HRC New England,HRCNewEngland,Mon Jun 22 00:31:51 +0000 2009,1024,318,25,5500,40,,"The Human Rights Campaign is the largest national lesbian, gay, bisexual and transgender civil rights organization.","Boston, Massachusetts",https://t.co/Oj7SM2z18Z,,,0
810590628727914496,Indivisible Guide,IndivisibleTeam,Sun Dec 18 21:00:40 +0000 2016,271725,2038,13077,37475,2949,,Former congressional staffers reveal best practices for making Congress listen. We're not the leaders of this movement. You are.,"Washington, DC",https://t.co/jdcxDFI7zk,,,1
800704496246484992,Swing Left,swingleft,Mon Nov 21 14:16:43 +0000 2016,169052,1222,7723,10791,1472,,"We’re  flipping the Senate, the White House and key state legislatures by empowering volunteers everywhere to help win critical elections.",United States of America,https://t.co/PDJZNE6eDn,,,1
1029465418157711360,Lorenza Ramirez,LorenzaMADems,Tue Aug 14 20:30:57 +0000 2018,52,7,13,15,0,,"Organizing for @MassDems in Boston, North Shore, Merrimack Valley &Metrowest. Follow me to find out more about getting involved!","Massachusetts, USA",,,,0
1129029661,Ed Markey,EdMarkey,Mon Jan 28 19:40:18 +0000 2013,18171,468,76,1839,590,,Official campaign account for United States Senator Ed Markey. Tweets from Ed are signed -EM,Massachusetts,http://t.co/MKy4HqUzz9,,,1
214112621,ATTN:,attn,Wed Nov 10 16:05:45 +0000 2010,112530,478,3995,27047,1901,,Stories worth your ATTN: | P.S. It's pronounced attention.,USA,https://t.co/9u6zfQoLLU,,,1
540973577,Mandela Barnes,TheOtherMandela,Fri Mar 30 17:02:33 +0000 2012,19339,1104,13170,13088,250,,WI's 45th Lt Governor | Equity & Sustainability | 🏃🏾‍♂️ the streets w/@fearmke | personal acct | AAMU | φνπ | Your music recs have a home in my @'s,Somewhere in the gossip column,https://t.co/7DetDTVY9B,,,1
882958562296819714,Abigail Spanberger,SpanbergerVA07,Thu Jul 06 13:45:00 +0000 2017,40644,581,2082,3315,446,,Congresswoman for Virginia's 7th District. Former CIA Officer. Girl Scout leader. #VA07 (My official account is @RepSpanberger),"Glen Allen, VA",https://t.co/MfGpZoV7qg,,,1
2400005258,Aftab Pureval,AftabPureval,Thu Mar 20 15:01:00 +0000 2014,13262,1925,6837,1927,147,,Hamilton County Clerk of Courts. Running for Congress. Ohio born and raised.,"Cincinnati, Ohio",https://t.co/iBxbWd9OxP,,,1
216065430,Stacey Abrams,staceyabrams,Mon Nov 15 18:12:10 +0000 2010,487945,1593,5511,10355,2070,,Founder of @fairfightaction & @faircount. Author of #LeadFromTheOutside. Co-founder @NowAccount & @TheFamilyRoom1. Writes rom-susp as Selena Montgomery.,Georgia,https://t.co/b2Dxhh1oYO,,,1
617266600,Katie Porter,katieporteroc,Sun Jun 24 16:29:31 +0000 2012,56123,372,2048,2661,512,,Irvine mom & Consumer Protection Attorney. Representative for #CA45 in Congress. #PorterSupporter IG: KatiePorterOC,"Irvine, CA",https://t.co/cKXH3YzHer,,,1
887704019296276482,J.D. Scholten,JDScholten,Wed Jul 19 16:01:45 +0000 2017,107499,97901,17457,4197,468,,Iowa born and raised. Former ⚾️ player & 2018 Democratic candidate for Congress against Steve King in #IA04.      Board member of @_OneCountry_,"POB 3531 Sioux City, IA 51102",https://t.co/omZPq72UiX,,,0
701725963,NowThis,nowthisnews,Tue Jul 17 20:31:08 +0000 2012,2353355,12234,12623,125718,9300,,Stories that move. Send us your tips: contact@nowthismedia.com,The Internet & NYC,http://t.co/1NLX7sJ52o,,,1
80370806,Liuba Grechen Shirley,liuba4congress,Tue Oct 06 18:34:17 +0000 2009,18211,4974,13133,9637,224,,Mama of two fighting to elect moms everywhere. Founder of @VoteMamaUS. Former Congressional candidate. #NY02,"Amityville, NY",https://t.co/CY4rudvp95,,,1
24215154,Andy Kim,AndyKimNJ,Fri Mar 13 17:54:05 +0000 2009,17879,333,244,1283,321,,Congressman for NJ Third District,"Marlton, NJ",https://t.co/SXU4Yf4kta,,,1
368472546,MichelleLujanGrisham,Michelle4NM,Mon Sep 05 18:02:01 +0000 2011,13021,419,302,3541,241,,Grandmother and 12th-generation New Mexican. Former congresswoman from New Mexico's 1st District. Dog's name is Kiwi. 32nd Governor of New Mexico.,"New Mexico, USA",https://t.co/ZLE14zL2eE,,,1
461720085,Joe Kennedy,joekennedy,Thu Jan 12 03:31:32 +0000 2012,72135,447,7,2610,713,,"The official campaign account for Joe Kennedy III, Congressman for the 4th District of Massachusetts.",,https://t.co/JOi9N2WSp4,,,1
23200391,Quentin Palfrey,qpalfrey,Sat Mar 07 15:12:32 +0000 2009,3209,1545,955,4317,71,,Sr fellow @futureofprivacy; co-director @gaia_berkman @bkcharvard; former Sr Advisor Obama White House OSTP; @massago alum; 2018 Dem nominee for Lt. Gov in MA,"Weston, MA",,,,1
2783231383,Amy McGrath,AmyMcGrathKY,Mon Sep 01 00:58:43 +0000 2014,89676,1923,3879,3683,532,,"mother of 3 (all potty trained now), wife, retired Marine, F/A-18 pilot, Kentuckian, loves dogs, #CountryoverParty","Georgetown, KY",,,,1
4896289762,Marty Walsh,MartyForBoston,Wed Feb 10 22:13:04 +0000 2016,6730,2110,2418,4217,58,,"Martin J. Walsh, an advocate for working people, was elected Mayor of Boston in 2013. Tweets by Walsh Committee with tweets from the Mayor signed MJW.","Boston, MA",https://t.co/mmRMRAOKGx,,,0
2212905492,Jennifer Wexton,JenniferWexton,Sun Nov 24 18:38:14 +0000 2013,22561,474,2544,3243,399,,"Mom to two boys & two rescue labs. Former state Senator, prosecutor, and advocate for abused children. Congresswoman for #VA10.","Leesburg, VA",https://t.co/S9LraqZK1g,,,1
574799823,Chris Pappas,ChrisPappasNH,Tue May 08 19:11:57 +0000 2012,11266,483,714,2961,207,,"Congressman in #NH01 | Life-long Manchester Resident, Restaurant Owner, & Fmr Exec Councilor for District 4 | #NH01 | Visit @RepChrisPappas for official updates","Manchester, NH",https://t.co/ajkmDFbvZD,,,1
128664931,Jim McGovern,McGovernMA,Thu Apr 01 20:37:40 +0000 2010,4914,482,81,1759,306,,"Fighting for #MA02 in Congress. No corporate PAC $. Together, we can end hunger in America, restore decency to our democracy & invest in our children & families","Worcester, MA",https://t.co/ES568HhFps,,,1
31013444,Ayanna Pressley,AyannaPressley,Tue Apr 14 01:06:07 +0000 2009,296379,14016,10208,19235,1808,,"Change can’t wait. History-making Boston City Councilor who ran to be a champion & advocate in Congress. Congresswoman, MA 7th Congressional District","Dorchester, MA",https://t.co/CiUeOmggQ1,,,1
248495200,Seth Moulton,sethmoulton,Mon Feb 07 03:35:59 +0000 2011,143216,2254,3958,10554,2402,,"Father, husband, Marine, Congressman, and candidate for President of the United States.","Salem, MA",https://t.co/8iPP0gHb78,,,1
346964561,Colin Allred,ColinAllredTX,Tue Aug 02 02:56:31 +0000 2011,21549,1438,3236,2514,318,,"Civil rights attorney • Former @HUDgov official • Former @NFL linebacker • Congressman for #TX32, where I was born and raised","Dallas, TX",https://t.co/5Q58mppL8i,,,1
76027332,Florida Democrats,FlaDems,Mon Sep 21 13:27:19 +0000 2009,67214,18193,4395,23439,1130,,The official Twitter account of the Florida Democratic Party. https://t.co/4fzJF29jku https://t.co/uVUbo4Zhum #DefeatTrumpFL,Florida,https://t.co/qHzbBUqJ7X,,,1
879771304316071938,Fair Fight Action,fairfightaction,Tue Jun 27 18:39:59 +0000 2017,21488,150,5836,9851,136,,Fighting for free and fair elections — in Georgia and around the nation. ⠀⠀⠀⠀⠀⠀⠀⠀⠀⠀⠀ ⠀⠀⠀⠀,"Georgia, USA",https://t.co/H6j30LC3VC,,,0
18645499,MassEquality,massequality,Mon Jan 05 20:52:16 +0000 2009,11872,444,2391,8351,337,,"Equal, safe and free, from cradle to grave so people in MA can thrive without discrimination based on sexual orientation, gender identity or gender expression.","Boston, MA",,,,0
57653510,ACLU Massachusetts,ACLU_Mass,Fri Jul 17 14:16:06 +0000 2009,24470,1481,1892,31037,671,,Because the rights you save may be your own.,"Boston, Massachusetts",http://t.co/GmwIAeYnXV,,,1
465046121,Andrew Gillum,AndrewGillum,Sun Jan 15 22:17:54 +0000 2012,595434,990,5684,7846,2127,,Father of three. Husband to R. Jai. Proud Floridian.,"Tallahassee, Florida",https://t.co/ZKcegRgRW1,,,1
828706394073395201,Let America Vote,letamericavote,Mon Feb 06 20:46:15 +0000 2017,84846,1293,8523,10211,764,,Our democracy is under attack. Politicians are trying to pick their voters instead of voters picking their politicians. We can’t let that happen.,United States,https://t.co/b9Lc3wiGyX,,,1
58503762,The Leadership Conference,civilrightsorg,Mon Jul 20 15:39:10 +0000 2009,88239,819,11145,34838,1666,,"The Leadership Conference on Civil and Human Rights. Led by @vanitaguptaCR, we're the nation’s oldest & largest civil rights coalition. https://t.co/blSwRoBJHv","Washington, DC",http://t.co/tW63VHRQi5,,,1
19770715,CRL,CRLONLINE,Fri Jan 30 15:04:58 +0000 2009,5122,1282,639,7880,238,,"We are a nonprofit, nonpartisan research & policy organization focused on protecting people from predatory loans. #StopTheDebtTrap #ProtectConsumers","Durham, NC",https://t.co/Mnw3RHtxx8,,,1
1383272101,Andy Slavitt,ASlavitt,Sat Apr 27 01:21:12 +0000 2013,225465,761,26752,25791,3000,,"Former head of Medicare, Medicaid & ACA for Obama. Founded @usofcare & @townhallvntrs to make health care work for everyone.","Edina, MN and Washington, DC",https://t.co/iPF82cS0sr,,,1
534840893,MamásConPoder,MamasConPoder,Sat Mar 24 00:21:21 +0000 2012,6009,1807,7939,50003,176,,"All content we post here is from MomsRising Together, a 501(c)(4) social welfare org, unless otherwise stated. More info: https://t.co/GOs0KCxMEK",EE.UU.,https://t.co/c6D47jLmYK,,,1
519072324,Carmen Yulín Cruz,CarmenYulinCruz,Fri Mar 09 01:43:23 +0000 2012,251888,549,14959,41801,1014,,Cuenta Oficial de Carmen Yulin Cruz,San Juan,https://t.co/jB4HFHdQ3M,,,1
108993692,United Steelworkers,steelworkers,Wed Jan 27 16:53:54 +0000 2010,41761,1579,9405,16628,604,,"Fighting for better jobs, communities and a brighter future. RT's ≠ endorsements.","U.S., Canada, Caribbean",http://t.co/CcstOmhriE,,,0
21931396,Advancing Justice-LA,AAAJ_LA,Wed Feb 25 22:47:06 +0000 2009,8167,1815,7499,14474,280,,"Advancing Justice-LA is the nation's largest legal aid and civil rights organization serving the Asian American, Native Hawaiian, and Pacific Islander community",Los Angeles,https://t.co/w3sgoDCdrZ,,,0
74568060,Georgia Democrat,GeorgiaDemocrat,Tue Sep 15 21:57:18 +0000 2009,29982,8528,3690,13485,605,,Official Twitter account for the Democratic Party of Georgia. Voter Protection Hotline: 888-730-5816. Sign up to Volunteer ➡️https://t.co/V86Vko1o8r,"GA, USA",https://t.co/v2HrY0iF9p,,,1
813286,Barack Obama,BarackObama,Mon Mar 05 22:08:25 +0000 2007,106784072,613560,11,15644,229053,,"Dad, husband, President, citizen.","Washington, DC",https://t.co/93Y27HEnnX,,,1
51547100,RAICES,RAICESTEXAS,Sat Jun 27 20:30:58 +0000 2009,148640,2477,12855,9333,752,,"The largest immigration legal services non-profit in Texas, focusing on under-served immigrant children, families & refugees.","San Antonio, TX",https://t.co/y51fRA1bHY,,,1
7860902,ilyse hogue,ilyseh,Tue Jul 31 22:38:48 +0000 2007,45519,5700,11490,25848,977,,President of @NARAL Pro-Choice America. Proud Texan. A rising lady lifts all boats.,"Washington, DC",https://t.co/r6NCKcqA7A,,,1
816869611480186880,Pod Save America,PodSaveAmerica,Thu Jan 05 04:51:06 +0000 2017,428854,1,198,3292,2832,,A no-bullshit conversation about politics with hosts @jonfavs @danpfeiffer @tvietor08 & @jonlovett.,,https://t.co/dZmbRJwARU,,,1
245424983,Randi Weingarten,rweingarten,Mon Jan 31 17:30:51 +0000 2011,90928,3018,2241,127742,2017,,"President, AFT- a union of professionals,over 100 years old & committed to public schooling,health care & public services 4 our children, families & communities","Washington, DC",https://t.co/h2s3sxrVeY,,,1
362111287,Steadman™,AsteadWesley,Thu Aug 25 21:34:50 +0000 2011,71191,1218,11696,36573,1407,,National politics reporter at The New York Times. CNN political analyst. A real one in these streets. astead.herndon@nytimes.com,"Brooklyn, NY",https://t.co/3B2eU7lQoL,,,1
95431448,The Boston Globe,BostonGlobe,Tue Dec 08 14:33:38 +0000 2009,744091,1236,420,368457,10621,,"Boston and New England's leading source for breaking news and analysis, with coverage from across the world. Visit us at https://t.co/8A4y3Fn1co.","Boston, MA",http://t.co/g2XphqdJIo,,,1
18510860,Mother Jones,MotherJones,Wed Dec 31 17:21:13 +0000 2008,780491,221,1512,201237,20541,,"Investigative journalism, politics, chart-tastic, sometimes sarcastic. Voted Magazine of the Year, 2017, by the National Association of Magazine Editors.",,https://t.co/F0ddSvYEjy,,,1
9567972,CNN Newsroom,CNNnewsroom,Sat Oct 20 20:14:41 +0000 2007,405486,556,40,25424,6682,,"Latest news and information updates from the anchors, reporters and producers of CNN Newsroom, 9 a.m. to 4 p.m. ET and weekends on CNN.","Atlanta, GA",https://t.co/M0A3HjsFdP,,,1
1917731,The Hill,thehill,Thu Mar 22 18:15:18 +0000 2007,3297366,252,25,587035,26069,,"The Hill is the premier source for policy and political news. Follow for tweets on what's happening in Washington, breaking news and retweets of our reporters.","Washington, DC",http://t.co/t414UtTRv4,,,1
19923638,The Cut,TheCut,Mon Feb 02 19:13:01 +0000 2009,1411388,4424,5614,154162,10923,,"Style. Self. Culture. Power.

IG: @TheCut.
Subscribe to New York for more: https://t.co/CGmcx8PXDV","New York, NY",https://t.co/LXYpRGXBZm,,,1
759251,CNN,CNN,Fri Feb 09 00:35:02 +0000 2007,42172562,1108,1437,248974,138555,,It’s our job to #GoThere & tell the most difficult stories. Join us! For more breaking news updates follow @CNNBRK  & Download our app ?https://t.co/UCHG9M367J,,http://t.co/IaghNW8Xm2,,,1
9300262,POLITICO,politico,Mon Oct 08 00:29:38 +0000 2007,3842977,1426,29,308190,39459,,"Nobody knows politics like POLITICO. Got a news tip for us? 
👉 https://t.co/fp9nugJuND","Washington, D.C.",https://t.co/PPMyQsPlIg,,,1
14630443,CREDO Mobile,CREDOMobile,Fri May 02 20:11:24 +0000 2008,31452,3050,2734,25683,954,,Turning ordinary action into extraordinary change.,,http://t.co/3lUl5cxIuu,,,1
2940964728,Iowa Starting Line,IAStartingLine,Tue Dec 23 16:50:35 +0000 2014,19776,1991,5254,34273,504,,Your home for Iowa Caucus and Iowa politics news and analysis. Founded in 2015 by former IA Dem staffer @patrynard.,,https://t.co/DpEAYnDMWv,,,0
244655353,David Axelrod,davidaxelrod,Sat Jan 29 20:34:55 +0000 2011,1138962,663,118,11412,10864,,"Director, UChicago Institute of Politics. Senior Political Commentator @CNN. Author, Believer: My Forty Years in Politics. Host of The Axe Files podcast and TV.",,,,,1
32676231,Jessica Post,JessicaPost,Sat Apr 18 00:08:27 +0000 2009,12187,2840,13479,5292,142,,"Executive Director @theDLCC, flipping state legislative seats red to blue & winning Democratic majorities in state houses. Opinions are mine. #flipeverything","Washington, DC",https://t.co/wVMi5bh8Gd,,,1
59592572,APALA,APALAnational,Thu Jul 23 21:21:47 +0000 2009,7819,2001,2531,14646,281,,"Asian Pacific American Labor Alliance (APALA), AFL-CIO, is 1st & only nat'l org of #AAPI union members & allies advancing worker, immigrant & civil rights!","Washington, DC",https://t.co/hZsJiTI3Be,,,1
24889586,Anand Giridharadas,AnandWrites,Tue Mar 17 14:33:12 +0000 2009,498836,6495,12489,5613,2537,,"@TIME editor at large. Author of @WinnersTakeAll, THE TRUE AMERICAN, & INDIA CALLING. MSNBC political analyst. @PriyaParker's man. Father. Rhymes with ""almond.""","Brooklyn, New York",https://t.co/pra2IyI6A9,,,1
314797639,Corey Johnson,CoreyinNYC,Fri Jun 10 20:39:51 +0000 2011,36232,3689,32539,30874,550,,Moved to NYC at 19 w/ 2 bags & not much to my name. Fighting to make this a city for all of us. Chelsea resident. @NYCCouncil Speaker. Political/Personal acct.,"New York, NY",https://t.co/TgitcBfqI8,,,1
46417885,Elana Schor,eschor,Thu Jun 11 15:58:38 +0000 2009,25775,770,2424,1075,1180,,"National political reporter @AP, covering 2020's Democrats. @politico alum. Brooklynite by birth/walking speed. RTs ≠ deeper meaning. Send tips! eschor@ap.org","Washington, DC",https://t.co/7XCKfzK4Ag,,,1
16664681,Los Angeles Times,latimes,Thu Oct 09 11:07:42 +0000 2008,3387016,6920,2221,230999,31767,,Bringing L.A. to the world and the world to L.A. Subscribe now: https://t.co/4UQaQvNbCp,"El Segundo, CA",https://t.co/eTksmynSH7,,,1
44513878,Texas Tribune,TexasTribune,Thu Jun 04 01:37:46 +0000 2009,196702,59731,3094,75876,4904,,"A member-supported, nonpartisan newsroom informing & engaging Texans on state politics & policy. Tweets by @bobbycblanchard. Subscribe: https://t.co/7vzWxFKD0J","Austin, Texas",http://t.co/THOyB5XQbo,,,1
205392468,Face The Nation,FaceTheNation,Wed Oct 20 19:37:47 +0000 2010,474216,1291,19,27773,2366,,"Moderated by @margbrennan of @CBSNews, we are America's premier public affairs program |  📸 IG: @facethenation","Washington, DC",http://t.co/mEuxzh5BbK,,,1
214120461,ryan cooper,ryanlcooper,Wed Nov 10 16:28:54 +0000 2010,44063,2112,42326,110865,994,,"National Correspondent for @TheWeek. Cohost of @LeftAnchor podcast: https://t.co/78JH37hdsX
https://t.co/h9raZ4Cysl",DC,http://t.co/8ZFrs5s3Yt,,,1
14677919,The New Yorker,NewYorker,Tue May 06 19:36:33 +0000 2008,8660686,423,1970,95787,64140,,"Unparalleled reporting and commentary on politics and culture, plus humor and cartoons, fiction and poetry, reviews, and criticism.","New York, NY",https://t.co/RLTwD4X3RQ,,,1
21634627,Jonathan Cohn,CitizenCohn,Mon Feb 23 05:46:55 +0000 2009,61207,3904,2059,51135,2512,,"Senior Nat'l Correspondent @HuffPost covering health care, social welfare, politics. Author, *Sick.* Fan of Red Sox, Dolphins, Wolverines. Proud husband & dad.","Ann Arbor, Michigan",https://t.co/5NLcRO93MX,,,1
16930125,Ed O'Keefe,edokeefe,Thu Oct 23 16:47:50 +0000 2008,81507,19666,10470,51146,2673,,@CBSNews political correspondent covering #Campaign2020. Proudly #Irish and #Latino. @AmericanU & @washingtonpost alum. @NAHJ. ed.okeefe@cbsnews.com.,"Washington, D.C.",https://t.co/gbwmpTItek,,,1
108094234,David M. Perry,Lollardfish,Sun Jan 24 20:47:02 +0000 2010,36927,2951,154294,232687,909,,Columnist @PacificStand covering Higher Ed and Health Access.   Historian. Pub Musician. Dad. Husband. I also do dishes. https://t.co/GAgyX4XlYm,Twin Cities,https://t.co/WdhmWAqAdB,,,1
1176994477,The Lead CNN,TheLeadCNN,Wed Feb 13 22:17:40 +0000 2013,152532,384,207,27736,1798,,The Lead with @jaketapper airs at 4pm ET on CNN.,,http://t.co/Ioy35ZzEhw,,,1
39155029,Manu Raju,mkraju,Mon May 11 01:13:00 +0000 2009,261150,4102,2892,33915,3992,,"Senior Congressional Correspondent, @CNN. Prowling the Capitol halls, covering the Hill and politics. Die-hard Chicago sports fan. Wisconsin Badger for life.",The Capitol,https://t.co/vtt0v8C3y8,,,1
76837768,Ady Barkan🔥🌹,AdyBarkan,Thu Sep 24 02:55:05 +0000 2009,109861,762,13285,6853,517,,"Fighting for social justice and America's democracy. Living with @rachael_scar and Baby Carl in Santa Barbara, CA. Dying of ALS. Author of “Eyes to the Wind.”",,https://t.co/8ub5qqaeLW,,,1
23348842,Brianne Pfannenstiel,brianneDMR,Sun Mar 08 20:17:46 +0000 2009,8189,1881,3474,10370,362,,Chief Politics Reporter for @DMRegister covering the Iowa caucuses in 2020. bpfann@dmreg.com.,Des Moines,https://t.co/vk27Vd8Qlx,,,1
39438765,bobbi barnett,rbtastic,Tue May 12 05:05:51 +0000 2009,903,3525,36979,8325,14,,NYC things. Housing & inequality research. West sider. Here for the wonks and memes (and pics of your pets).,NYC,,,,0
3044739166,Sara Nelson,FlyingWithSara,Wed Feb 18 19:27:05 +0000 2015,15573,1987,6901,4582,95,,"President of the Association of Flight Attendants-CWA @afa_cwa, representing 50K at 20 airlines. Proud Flight Attendant & Passionate Union Activist since 1996.","Washington, DC",https://t.co/eaaNGLEr1p,,,1
1068353754880253952,Focus On Rural America,focusonrural,Fri Nov 30 03:59:18 +0000 2018,1362,982,38,358,11,,Bridging the divide between Rural and Urban America by building support for a progressive economic agenda.,"Iowa, USA",https://t.co/74kpCAOCqJ,,,0
3063996411,End Citizens United,StopBigMoney,Thu Feb 26 19:24:18 +0000 2015,55237,13264,414,10293,658,,Democratic activists fighting for true campaign finance reform.,,http://t.co/F0BtdynV6F,,,1
15265641,Adam Green,AdamGreen,Sat Jun 28 20:16:46 +0000 2008,16005,5265,2203,7523,546,,"Co-founder, Progressive Change Campaign Committee (PCCC), nearly a million members at https://t.co/UDmyRgAXfe (@BoldProgressive). Cultivate The Karasser.","Washington, DC",https://t.co/UDmyRgAXfe,,,1
329115426,Waleed Shahid,_waleedshahid,Mon Jul 04 15:27:30 +0000 2011,69174,1723,14158,10249,632,,"Very Senior Democratic Strategist. Communications Director, @justicedems. Fmr: @AOC, @cynthianixon, @berniesanders [my tweets are my own]",,https://t.co/SO5QLD1eBA,,,1
3309139560,Patrick Karlsson,Patrickesque,Sat Aug 08 01:21:10 +0000 2015,13800,8885,170875,207245,239,,"Into politics, pop culture & science. I'm a navy brat from southern California now living in the PNW. #Warren2020","Washington, USA",,,,0
18080729,#GetWoke⏰ #MIP🎙️ #GetWokeAndVote🗳️,MakeItPlain,Fri Dec 12 17:26:42 +0000 2008,20706,2790,12969,130767,595,,Hosted by @ministter (RTs ≠ endorsements) #MIP 🎙️#MakeItPlain 📻 #GetWoke ⏰#GetWokeAndVote 🗳️,"New York, NY",https://t.co/D1F065gv3y,,,0
158561459,Michelle Villegas,MichelinaBelle,Wed Jun 23 01:19:14 +0000 2010,1582,1420,16806,4960,28,,"Nevada Political Director for @ewarren | Proud Latina | Organized with heart for @HFA @OFA & @CleanFutureNV ☀️
Do all the good you can.","Las Vegas, NV",,,,0
1106357423042899969,Iowa for Warren,IAforWarren,Fri Mar 15 00:52:19 +0000 2019,2318,253,252,662,30,,"The official account of @ewarren's fight for big, structural change in Iowa. Text IOWA to 24477 to join our grassroots movement!",Iowa,https://t.co/BtKfTKRCOR,,,0
104671648,DanielleMoodie-Mills,DeeTwoCents,Thu Jan 14 01:32:26 +0000 2010,22767,1440,30127,27111,411,,"Host of #WokeAF on SiriusXM Progress channel 127 Sundays 10am-1pm EST. Warrior Princess of the #Resistance, writer, advocate & wife of badass @AishaMoodMills","Brooklyn, NY ",https://t.co/x9XRTpR6F2,,,1
330299327,Andrew Wallender,WallenderAndrew,Wed Jul 06 12:20:15 +0000 2011,586,496,1058,617,15,,Labor Reporter @BLaw covering unions • Tips? ✉️ awallender@bloomberglaw.com • RTs ≠ endorsements,"Washington, D.C.",https://t.co/ULAD8dm46e,,,0
20708761,Joe Rospars,rospars,Thu Feb 12 19:34:33 +0000 2009,9844,1946,1226,2088,501,,"Advisor @ewarren / CEO @bsd / previously @barackobama, @govhowarddean campaigns / I’m a Frances Perkins Democrat",,https://t.co/5GT644Rlvc,,,1
46644822,Kristen Orthman,KristenOrthman,Fri Jun 12 12:56:00 +0000 2009,6704,2103,1477,1294,156,,Communications Director for @ewarren #Warren2020 | Harry Reid alum,,,,,0
29417304,deray,deray,Tue Apr 07 09:38:56 +0000 2009,1038706,908,52528,235367,8632,,"I will never betray my heart. Activist. Organizer. Educator. @PodSaveThePpl. Author, On The Other Side of Freedom. IG: iamderay (deray@thisisthemovement.org)",Wakanda,https://t.co/xXkdEPyxGQ,,,1
44215023,Jane Lynch,janemarielynch,Tue Jun 02 21:37:38 +0000 2009,1772333,489,1112,12062,9580,,Consider a donation to @directrelief. DELIVERING A WORLD OF GOOD to people in emergency and crisis situations. @charitynavigator : 4 Star Rating (highest),"Los Angeles, CA",https://t.co/GcIclmsNOB,,,1
19663254,Roger Lau,RogerLau,Wed Jan 28 17:25:01 +0000 2009,5811,1429,2366,1286,127,,I am what I am and that’s all that I am. 🦔,"Somerville, Massachusetts",https://t.co/CFMtkINpHt,,,0
16000856,UFCW,UFCW,Tue Aug 26 18:50:39 +0000 2008,82083,58050,9478,19619,1043,,"The United Food and Commercial Workers is a family of hard-working men and women building a better life together, serving their communities. #union #retail","Washington, DC",https://t.co/Lhq4ItX8BL,,,1
19915898,Liz Wester,lizmwester,Mon Feb 02 16:52:22 +0000 2009,2565,1190,1629,4308,67,,"NH State Director for @ewarren. Proud alum of @AmericaVotes, @senatorshaheen, @HillaryClinton, @NHHouseDems & @NHDems",,,,,0
240558399,Kat Rogers,kat_rogers,Thu Jan 20 05:53:53 +0000 2011,2831,2495,6813,7923,62,,"team NH for @ewarren | text NH to 24477 | alum of @INDems, @vademocrats, @NHDems, @HillaryforNH, @AlisonforKY | runner & cat lover","Manchester, NH",https://t.co/hbIpOGeljg,,,0
719953413191155714,Jarae A. Hines,ThisIsJarae,Tue Apr 12 18:20:44 +0000 2016,507,478,3823,503,11,,Currently: in Iowa w/ team @ewarren | Formerly: @azdemparty & @Daniel4PhxMayor & #HinesKnowsHomes,"Des Moines, IA",https://t.co/BtKfTKRCOR,,,0
151312222,Brian Highsmith,bd_highsmith,Thu Jun 03 03:27:38 +0000 2010,2990,4725,23518,11504,29,,"criminal justice reform, consumer protection, fiscal policy, democracy | Skadden Fellow, National Consumer Law Center | YLS ‘17 | opinions just mine | he/him","Boston, MA",https://t.co/KCreJgkXVT,,,0
811635322479968256,Gretchen Adams,GretLAdams,Wed Dec 21 18:11:55 +0000 2016,122,258,4387,1514,0,,Ready.,"Las Vegas, NV",,,,0
312433009,Adriane,loungingA,Tue Jun 07 03:37:01 +0000 2011,58,370,44227,4698,2,,"Proud to never had a Facebook account. Don’t complain, VOTE! #DREAMactnow #gunreformnow #impeachnow #vaccinateyourkids #winwithwarren #warren2020 #closethecamps",Central FL,,,,0
17773720,Michael Brune,bruneski,Mon Dec 01 07:01:47 +0000 2008,31055,2108,1700,8439,1067,,"Dad, husband, executive director of the @sierraclub, writer, Jersey Shore native, Little League coach, #Yankees fan. Optimist. Feminist.",,https://t.co/a7o7YipaA7,,,1
5360012,Greenpeace USA,greenpeaceusa,Fri Apr 20 21:44:35 +0000 2007,205289,17636,13332,36778,4982,,"Fighting for a greener, healthier world, no matter what forces stand in our way. https://t.co/cZExWNcAb1","Washington, DC",https://t.co/KmdaEC6Rhb,,,1
38232159,themocollins,THEMOCOLLINS,Wed May 06 17:39:33 +0000 2009,13354,1171,56669,18365,287,,#FearTheWalkingDead #MadTv #ParksandRecreation #LadyDynamite #FisforFamily instagram @That_Mo_Collins,Los Angeles,https://t.co/23GoEnQXNX,,,1
138203134,Alexandria Ocasio-Cortez,AOC,Wed Apr 28 22:38:40 +0000 2010,4535757,1509,14005,8311,12734,,"Congresswoman for NY-14 (the Bronx & Queens). In a modern, moral, and wealthy society, no American should be too poor to live. 💯% People-Funded, no lobbyist💰.","Bronx + Queens, NYC",https://t.co/BYjH4stRnI,,,1
353262603,Jonathan Wilson-Hartgrove,wilsonhartgrove,Thu Aug 11 20:11:20 +0000 2011,13788,898,14261,12007,249,,"Author, preacher & moral activist. #PoorPeoplesCampaign #RevolutionOfValues","Durham, NC",https://t.co/P8wTW4nous,,,0
86141342,World News Tonight,ABCWorldNews,Thu Oct 29 19:21:20 +0000 2009,1348966,457,216,148716,10532,,The official Twitter account for @ABC's World News Tonight with @DavidMuir.,New York,https://t.co/1JqJIy04SL,,,1
159955958,Lucky Tran,luckytran,Sat Jun 26 19:47:02 +0000 2010,7808,4796,32011,16667,303,,"Scientist, science communicator, organizer for science and social justice. Say hi: info@luckytran.com #ScienceJustice",New York City,https://t.co/Q43299zE1q,,,1
20517132,LCV,LCVoters,Tue Feb 10 14:46:01 +0000 2009,25910,2526,2845,30628,1072,,Our Earth Is Worth Fighting For,"Washington, D.C.",https://t.co/9mRotpvUpi,,,1
2333080109,from ah reach iz mas. 🇬🇩🖤⛓,mminthecity,Sun Feb 09 04:24:29 +0000 2014,4057,782,8746,258195,200,,🇬🇩| plants rule everything around me. timeline’s career coach. JAB ALONE. the only mas i come out to play is de j’ouvert. 🖤 https://t.co/0P4uKYsz3g,NYC.,,,,0
26075282,Kanu Mendoza 🏳️‍🌈🇺🇸🌊,Seawolf308,Mon Mar 23 19:53:50 +0000 2009,276,1139,3299,3389,3,,"Retired female Navy Chief, ETC(SW/AW), dog & cat mom, Victory MC rider, ST, WH13, OUAT, Disney, & Country music fan. NOH8 #riseup #resist","San Diego, CA",https://t.co/LeBE0OtZOY,,,0
761167885720956929,Common Defense,commondefense,Thu Aug 04 11:52:20 +0000 2016,68948,2024,9001,9407,491,,A national grassroots movement of diverse veterans & military families mobilizing against Trump and his dangerous agenda #VetsVsHate #VetsAgainstTrump,,https://t.co/AJbBcaVJxo,,,1
600089629,Naomi Rutagarama,NaomiRuta,Tue Jun 05 12:55:39 +0000 2012,209,305,3595,3132,0,,politics & things that disappoint my parents (she/hers),"Washington, DC",,,,0
10069612,AFL-CIO,AFLCIO,Thu Nov 08 15:58:10 +0000 2007,119303,6840,10300,74396,2688,,The voice of working people in America's unions. Fighting for an inclusive economy that lifts wages and creates a better life for all. #1u,"Washington, DC",https://t.co/kwCGcnBSGN,,,1
737707648288755712,Tyler Green,tylercgreen,Tue May 31 18:09:44 +0000 2016,984,1977,3368,1090,24,,"Regional Organizing Director w/ @NH_for_Warren Follow our grassroots campaign for big, structural change @TeamWarren","Manchester, NH",https://t.co/xxhf8xIOuf,,,0
291211085,Chelsea Cowell-Maddow,chelseakcarrier,Sun May 01 16:49:17 +0000 2011,1153,1274,9978,4462,34,,"Caucus-obsessed for @ewarren | previously @azdemparty, @FredHubbell, @iowademocrats, @HFA for IA, KS, and WY Caucuses, @OFA_FL","Des Moines, IA",,,,0
312767469,Ben Grant,bgrantIII,Tue Jun 07 16:49:28 +0000 2011,48,103,14371,2038,3,,,,,,,0
1462626500,Emily Goetz,MagistraGoetz,Mon May 27 16:52:47 +0000 2013,318,542,86915,25612,10,,"Tired of this shit. Officially.

Cotidie disco.

Semper vigilans.

Ea/eam/eius (she/her/hers)",,,,,0
1059403822533988352,Jaclyn Schess,JaclynSchess,Mon Nov 05 11:15:28 +0000 2018,76,419,841,196,1,,Aspiring Development Economist; Mental Health Researcher and Advocate; Red Hot Chili Peppers enthusiast,"Brisbane, Queensland",,,,0
605153786,"Leana Wen, M.D.",DrLeanaWen,Mon Jun 11 05:56:19 +0000 2012,71788,3511,4526,21329,937,,"President of Planned Parenthood Action Fund @PPact. Pres/CEO of @PPFA. Fmr Baltimore City Health Commissioner. Emergency physician, patient advocate, Eli's Mom.","Baltimore, MD",https://t.co/12CHSWECs1,,,1
410249471,UltraViolet,UltraViolet,Fri Nov 11 21:06:18 +0000 2011,33213,7394,8068,19096,750,,Equality at a higher frequency,United States,https://t.co/lft4oV91lK,,,1
17011177,Cecile Richards,CecileRichards,Tue Oct 28 00:54:24 +0000 2008,192718,727,8533,11830,2534,,"Fighting for gender equity w/ @supermajority. Runner, baker, traveler, author of Make Trouble. Former president turned lifelong supporter of Planned Parenthood.","New York, NY",https://t.co/UWJvkP3bOK,,,1
22024535,NARAL Missouri,NARALMissouri,Thu Feb 26 15:59:17 +0000 2009,4386,1841,4496,16954,158,,"We're a pro-choice, grassroots political organization working to ensure that people remain in control of their bodies.",https://www.facebook.com/naral,http://t.co/Pk3QfBViUy,,,0
84614572,Kaiser Family Foundation,KaiserFamFound,Fri Oct 23 15:17:51 +0000 2009,101015,20,777,23749,2763,,"Filling the need for trusted information on national health issues | nonprofit organization | health policy analysis, journalism & polling","San Francisco, CA | Washington DC",https://t.co/kIhQFSksoO,,,1
192715700,Megan Ellyia Green 🌹,MeganEllyia,Sun Sep 19 23:27:46 +0000 2010,5953,2937,4376,6027,163,,15th Ward Alder #STL | @DNC Member | #BlackLivesMatter | #Fightfor15 | #Resist | @localprogress | RT not endorsement,"St. Louis, MO",https://t.co/eyUwUlS8FP,,,1
16210522,URGE,URGE_org,Tue Sep 09 20:17:56 +0000 2008,15655,2306,3202,13694,489,,"Unite for Reproductive & Gender Equity. _x000d_
_x000d_
Formerly Choice USA.",USA,http://t.co/K6XXRIlZQE,,,0
400307692,The National Women's Health Network,TheNWHN,Fri Oct 28 20:37:54 +0000 2011,4465,1092,3448,12855,213,,The National Women's Health Network improves women's health by developing & promoting a critical analysis of health issues to affect policy & decision-making.,"Washington, DC",,,,1
1390186333,All* Above All,AllAboveAll,Mon Apr 29 18:36:14 +0000 2013,12107,4990,20783,18229,224,,All* Above All unites organizations and individuals to build support for lifting bans that deny abortion coverage. ✊🏿✊🏾✊🏽  #BeBoldEndHyde #BoldAF,,http://t.co/dr8Qyz7PKw,,,1
63136498,SisterSong,SisterSong_WOC,Wed Aug 05 13:47:47 +0000 2009,26016,932,8868,27395,681,,Southern Based - National Women of Color Reproductive Justice Collective,"Atlanta, GA",https://t.co/rIAQNEhB8W,,,0
302671881,Meredith Alison,tea_n_toast,Sat May 21 15:31:28 +0000 2011,281,469,24693,4868,7,,More Brontë than Austen. NJ Moms Demand Action. Professional Counselor. Academic. Child of immigrants. #StillWithHer,"New Jersey, USA",,,,0
374052497,Maria Langholz,MariaLangholz,Thu Sep 15 16:37:18 +0000 2011,3431,1019,14847,12842,120,,Lefty politics. Midwest. Some sass.,"Minneapolis, MN",,,,0
1109998858434695168,SCforWarren,SCforWarren,Mon Mar 25 02:02:05 +0000 2019,673,361,90,217,8,,The official account of @ewarren's fight for big structural change in SC. Text SC to 24477 to join our grassroots movement!,,https://t.co/BtKfTKRCOR,,,0
32608699,Bobby Bauch,BobbyBauch,Fri Apr 17 21:49:26 +0000 2009,1119,1141,36043,20209,26,,"Am: Team @ewarren, Libra, Midwestern, Queer, Feminist, Duhawk, Eagle Scout

Was: @nvdems, @vademocrats, @HillaryforPA, @MartinOmalley, @iowademocrats","Des Moines, IA",,,,0
777468237738934272,Kelsey Nicole Swindle,kelswindle,Sun Sep 18 11:24:07 +0000 2016,231,401,10132,10726,6,,"Obsessed with my dogs. former @jamestalarico, @wilcodems, @bgtx."," Round Rock, TX",,,,0
775142,Greg Greene,ggreeneva,Fri Feb 16 06:11:52 +0000 2007,12579,1271,155927,106637,383,,"Current: @PPAct. Past: @AFTunion, @TheDemocrats, @BSD. Kitchen nerd, wiseacre, Deep South expat. Views my own; RTs & faves ≠ endorsements.","Washington, D.C.",,,,0
766690659264856064,Andrea Ramos #Warren2020,dr_dre_NC,Fri Aug 19 17:37:52 +0000 2016,496,678,8960,1491,10,,"Team #NVertheless for @ewarren 
Woke Chicana + digital bruja 🧙🏽‍♀️ tryna' take down the patriarchy. Tweets and spanglish opinions son míos.","Washington, DC",,,,0
16162149,Carla Marinucci,cmarinucci,Sat Sep 06 23:09:51 +0000 2008,31357,5442,5608,82745,1314,,"POLITICO CA Playbook senior writer in Golden State. Tips, news?cmarinucci@politico.com. RTs no endorsement. Subscribe free: https://t.co/3KY5RmiDwQ","San Francisco, CA USA",http://t.co/PPMyQsxKjG,,,1
992480626874826752,becca cannon,beccacannon3,Fri May 04 19:06:35 +0000 2018,472,601,5880,1210,1,,"Mom, feminist, baseball enthusiast. Former Utah resident and current Utah football fan. Lover of politics, hater of Trump #feminist #goutes #impeachtheMF","Berkeley, CA",,,,0
55137824,Jessica Kirkpatrick,berkeleyjess,Thu Jul 09 04:10:14 +0000 2009,5081,998,4720,5074,291,,✦ Jessica Ann Kirkpatrick ✦ Astrophysicist → Data Scientist ✦  #scientist #techie #runner #writer ✦,"San Francisco, CA",https://t.co/EQN7yWP7V2,,,1
78231411,Kyung Lah,KyungLahCNN,Tue Sep 29 06:00:19 +0000 2009,42445,897,2263,17243,1318,,"CNN Senior National Correspondent, covering the 2020 campaign","Los Angeles, CA, USA",https://t.co/ZO4w7p9Ete,,,1
316825646,Jasmine Wright,JasJWright,Tue Jun 14 01:07:39 +0000 2011,2798,527,4195,1634,97,,"@CNN Political campaign embed, formerly @NewsHour & U of I grad. Chicago girls do it better :) RTs are not opinions, but probably something I find hilarious.","Washington, DC",https://t.co/ZTvvpTbt28,,,1
14478814,Zahra Billoo,ZahraBilloo,Tue Apr 22 19:07:29 +0000 2008,31226,5564,225,66076,497,,Civil rights lawyer. Cat owner. Ice cream eater. Cupcake baker. (Views are personal and RTs are not endorsements.),"San Jose, CA",https://t.co/CFT4sisfuZ,,,1
111981108,Ahmad,BigARashad,Sat Feb 06 20:59:37 +0000 2010,3571,2859,42900,139675,90,,Passionate Steelers fan and college graduate!!! No offseason for me. I still tweet all things Steelers #GodFirst #StairwaytoSeven,,,,,0
3361667379,iram ali,iramfali,Mon Jul 06 02:38:00 +0000 2015,2076,770,13358,13806,34,,"campaign director & strategist @MoveOn. born in rural punjab, raised in brooklyn. tweets my own.👩🏽‍💻","Brooklyn, NY",https://t.co/cLtFWN1cql,,,0
357576227,D'shawna Bernard,itsdshawna,Thu Aug 18 15:46:48 +0000 2011,831,736,5586,3379,22,,"'Clothed in strength&dignity' 
AfAm Outreach Dir.@ewarren | Alum: @PADems |@HFA| @DemConvention  |@CBCFINC | Chair @The_SPOTT| @AmericanU 11'| #islandgirl 🇹🇹",,,,,0
1880725393,Sunrise Movement 🌅,sunrisemvmt,Wed Sep 18 20:00:13 +0000 2013,98863,2512,21578,8807,1132,,We are building an army of young people to stop climate change and create millions of good jobs in the process through a #GreenNewDeal.,United States,https://t.co/SHEkMCIfUb,,,1
1121492192235806721,Team Warren,TeamWarren,Thu Apr 25 19:12:29 +0000 2019,25452,201,34,305,100,,"Welcome stans, planners, wonks & everyone fighting for big, structural change. Get the latest @ewarren news & grassroots updates. Official account: Warren 2020.",,https://t.co/MNtAOJkdsj,,,1
23501907,NALEO Educational Fund,NALEO,Mon Mar 09 21:10:21 +0000 2009,30213,5243,4213,23198,545,,National Association of Latino Elected and Appointed Officials (NALEO). RTs and Follows ≠ endorsements. Follow our Chief Executive Officer @ArturoNALEO!,"Non-Partisan, Nationwide",,,,1
1109994284206428160,NH for Warren,NH_for_Warren,Mon Mar 25 01:43:54 +0000 2019,637,131,273,285,3,,"The official account of @ewarren's fight for big, structural change in the Granite State. Text NH to 24477 to join our grassroots movement!","New Hampshire, USA",https://t.co/BtKfTKRCOR,,,0
1055070224305807361,Tiffany Cabán,CabanForQueens,Wed Oct 24 12:15:18 +0000 2018,48049,1414,6268,3268,158,,Queer Latina & Queens native • Career public defender • Proud rescue pup mom • Running for Queens District Attorney • Vote June 25th!,"Queens, NY",https://t.co/2PSYrccy4x,,,0
152142811,Noticias Telemundo,TelemundoNews,Sat Jun 05 05:22:50 +0000 2010,687286,862,362,126553,2784,,"Noticias del 🌎 y de nuestra comunidad, #LasCosasComoSon",United States,https://t.co/9DyssB93b6,,,1
750046943905058816,Debbie Mucarsel-Powell,DebbieforFL,Mon Jul 04 19:21:41 +0000 2016,11793,704,3736,2033,308,,First-generation American. Latina. Mother. Former Associate Dean at Florida International University. Community Leader. Democrat. Congresswoman #FL26.,"Miami, FL",https://t.co/qKiOskpdQi,,,1
223166587,Jeff Merkley,JeffMerkley,Sun Dec 05 16:03:18 +0000 2010,104104,10870,2836,2845,883,,Husband. Dad. Garage tinkerer. Thorn in the side of the privileged and powerful. U.S. Senator from Oregon. No corporate PAC $. Fighting for YOU.,,https://t.co/RWj052cXa3,,,1
339751234,Rep. Kelly Cassidy,RepKellyCassidy,Thu Jul 21 16:07:11 +0000 2011,6923,2853,4258,5260,221,,"A State Rep., organizer, a legislative director and a mom, spending the past 20 years living my values. She/her. #twill, #14thDistrict, #rogerspark, #edgewater","Chicago, IL ",https://t.co/2ufqX0lHJl,,,0
