User Id,Name,Screen Name,Created At,Followers,Following,Favorites,Tweets,Lists,Language,Bio,Location,URL,Timezone,UTC Offset,Verified
939091,Joe Biden,JoeBiden,Sun Mar 11 17:51:24 +0000 2007,3610147,22,15,1932,13578,,"Senator, Vice President, 2020 candidate for President of the United States, husband to @DrBiden, proud father & grandfather. Loves ice cream, aviators & @Amtrak","Wilmington, DE",https://t.co/UClrPuJpyZ,,,1
15667802,All On The Line,allontheline,Wed Jul 30 23:22:24 +0000 2008,329856,283,3077,15006,3282,,All On The Line is the grassroots movement to end gerrymandering and restore fairness to our elections and democracy ahead of 2021 redistricting. Formerly OFA.,,https://t.co/PZyvm3LshS,,,1
813286,Barack Obama,BarackObama,Mon Mar 05 22:08:25 +0000 2007,106784276,613560,11,15644,229054,,"Dad, husband, President, citizen.","Washington, DC",https://t.co/93Y27HEnnX,,,1
20776497,Betsy Fischer Martin,BFischerMartin,Fri Feb 13 15:11:11 +0000 2009,50021,4917,2800,14275,1584,,"Executive Director, Women & Politics Institute @AmericanU @AU_WPI /Former Exec @NBCNews & EP @MeetthePress /NOLA bred/mom of teen/wife of @jmartNYT","Washington, DC/Northern VA",https://t.co/DqQrzWz50J,,,1
78419512,All On The Line OH,allontheline_oh,Tue Sep 29 21:20:15 +0000 2009,31080,26512,679,14119,558,,We’re on a mission to end gerrymandering and restore fairness to our elections and democracy. Because every American should have an equal say in our government.,Ohio,https://t.co/jpQ2qVZ9qq,,,1
77231473,All On The Line NH,allontheline_nh,Fri Sep 25 14:55:39 +0000 2009,14312,11550,250,8982,338,,All On The Line is the grassroots movement to end gerrymandering and restore fairness to our elections and democracy ahead of 2021 redistricting. Formerly OFA.,New Hampshire,https://t.co/jpQ2qVZ9qq,,,1
54299209,All On The Line NC,allontheline_nc,Mon Jul 06 19:06:06 +0000 2009,23420,13180,254,15339,478,,We’re on a mission to end gerrymandering and restore fairness to our elections and democracy. Because every American should have an equal say in our government.,North Carolina,https://t.co/jpQ2qVZ9qq,,,1
325830217,VP Biden (Archived),VP44,Tue Jun 28 23:07:42 +0000 2011,2603413,131,11,3654,8513,,This is an archive of an Obama Administration account maintained by the National Archives and Records Administration (NARA).,"Washington, D.C.",https://t.co/OTH6ss7aE4,,,1
91942897,Herbert Lowe,herbertlowe,Mon Nov 23 05:19:58 +0000 2009,3643,4359,11539,17122,247,,#loweclass #journalism lecturer #CJCSMI18 director @UFJSchool; @MarquetteU alum; #MUOBrien #NABJ #Eagles #Sixers #Phillies #mubb; who you are is who you attract,Camden NJ and Gainesville FL,https://t.co/YFBpy4vTXw,,,0
76059158,All On The Line IA,allontheline_ia,Mon Sep 21 15:55:02 +0000 2009,13943,3132,358,8886,346,,All On The Line is the grassroots movement to end gerrymandering and restore fairness to our elections and democracy ahead of 2021 redistricting. Formerly OFA,Iowa,https://t.co/jpQ2qVZ9qq,,,1
55049166,All On The Line PA,allontheline_pa,Wed Jul 08 22:18:46 +0000 2009,39616,36568,208,11587,660,,We’re on a mission to end gerrymandering and restore fairness to our elections and democracy. Because every American should have an equal say in our government.,Pennsylvania,https://t.co/jpQ2qVZ9qq,,,1
14226882,UnidosUS,WeAreUnidosUS,Wed Mar 26 15:54:50 +0000 2008,74659,10058,4275,32231,1964,,"The largest national Latino civil rights and advocacy organization in the United States, UnidosUS works to improve opportunities for Hispanic Americans.","Washington, DC",https://t.co/NOShWZqJGz,,,0
286234486,Gabriela Domenzain,GabiDomenzain,Fri Apr 22 16:10:19 +0000 2011,11350,4467,5005,8597,194,,"Immigration/humanity advocate, always. O'Malley deputy, Obama spox, Al Punto founder. De México y EEUU ❤️ Somos Humanos.",,,,,0
340333435,OFA TruthTeam,OFATruthTeam,Fri Jul 22 14:45:18 +0000 2011,71022,71,0,3581,1315,,A grassroots network run by OFA dedicated to debunking myths and spreading accurate information about important issues. Follow us now at @allontheline!,,https://t.co/jpQ2qVZ9qq,,,0
174793500,IAFF,IAFFNewsDesk,Wed Aug 04 21:00:36 +0000 2010,38588,540,4634,23776,421,,We represent the full-time professional fire fighters and paramedics who protect 85% of the nation’s population in the US and Canada,,http://t.co/KZwAf4xJ28,,,0
45573874,AFT,AFTunion,Mon Jun 08 14:19:29 +0000 2009,57294,1568,5618,62222,1257,,"We're 1.7 million teachers, paraprofessionals/school-related personnel, higher ed faculty, gov't employees, & healthcare workers making a difference every day.","Washington, DC",https://t.co/h2s3sxrVeY,,,1
446657012,AOTL Latino,AOTL_Latino,Mon Dec 26 00:50:15 +0000 2011,34954,156,10,1786,314,,All On The Line is the grassroots movement to end gerrymandering and restore fairness to our elections and democracy ahead of 2021 redistricting. Formerly OFA.,,https://t.co/jpQ2qVZ9qq,,,1
78671324,All On The Line MI,allontheline_mi,Wed Sep 30 18:18:14 +0000 2009,12506,7999,168,9762,295,,All On The Line is the grassroots movement to end gerrymandering and restore fairness to our elections and democracy ahead of 2021 redistricting. Formerly OFA.,Michigan,https://t.co/jpQ2qVZ9qq,,,1
78139444,All On The Line MN,allontheline_mn,Mon Sep 28 22:22:13 +0000 2009,10153,3191,15,5756,258,,All On The Line is the grassroots movement to end gerrymandering and restore fairness to our elections and democracy ahead of 2021 redistricting.,Minnesota,https://t.co/jpQ2qVZ9qq,,,1
23074394,Amy Dudley,amygdudley,Fri Mar 06 15:11:25 +0000 2009,4945,1255,438,3220,128,,"Chief Spokesperson for Chan Zuckerberg Initiative | fmr comms for @TimKaine, @JoeBiden, @usstk | proud @ColgateUniv alum | east coaster giving the west a whirl","San Francisco, CA",https://t.co/meS6Ju2GvP,,,0
14167657,will somebody give a woman a moment?!,scederbe,Tue Mar 18 03:03:33 +0000 2008,1768,2597,3402,6164,66,,progressive politics & pop culture. now: @changemediagrp. then: @JohnFetterman @alfranken #Obama2012 @philaculture @prometheusradio @brynmawrcollege. tweets=me,"Ypsilanti, Michigan",https://t.co/s3uzHF2g2a,,,0
165537211,Amy Lynn Smith,alswrite,Sun Jul 11 21:48:03 +0000 2010,4895,4747,10915,47716,249,,Scribbler. Strategist. Storyteller. Speaker. | Public interest communicator: issue advocacy . social impact . healthcare | #Obama2012 | Catalyst. Optimist.,Motown,https://t.co/fpp3X9n7VT,,,0
288515819,Veterans for Obama,Vets4Obama,Wed Apr 27 00:23:10 +0000 2011,9187,165,0,709,89,,The official Twitter account for veterans and military families supporting President Barack Obama.,,http://t.co/5EtuDkKjlb,,,0
78599720,All On The Line VA,allontheline_va,Wed Sep 30 13:23:54 +0000 2009,23652,16284,1958,20490,523,,All On The Line is the grassroots movement to end gerrymandering and restore fairness to our elections and democracy ahead of 2021 redistricting. Formerly OFA.,"Richmond, Virginia",https://t.co/jpQ2qVZ9qq,,,1
78138151,La Casa Blanca NARA,LaCasaBlanca44,Mon Sep 28 22:16:35 +0000 2009,99297,189,84,5656,1283,,Esto es un archivo de una cuenta de la Administración de Obama y esta mantenido por la Administración Nacional de Archivos y Registros (NARA).,"Washington, DC, EE.UU.",https://t.co/OTH6srPzMw,,,1
50482949,All On The Line FL,allontheline_fl,Wed Jun 24 23:42:29 +0000 2009,40359,35599,235,13031,782,,All On The Line is the grassroots movement to end gerrymandering and restore fairness to our elections and democracy ahead of 2021 redistricting. Formerly OFA.,Florida,https://t.co/jpQ2qVZ9qq,,,1
21873714,RN Action,RNAction,Wed Feb 25 15:05:13 +0000 2009,16495,2305,3784,10119,340,,The American Nurses Association Government Affairs team leads the way for RN advocates on Capitol Hill. Follow us and advocate on behalf of nurses everywhere!,,http://t.co/IuOvSP4oPY,,,0
521550440,rumpelstiltskin rupia,cassandrarupia,Sun Mar 11 18:30:17 +0000 2012,230,429,20877,11784,2,,Easily amused. Easily unamused.,,,,,0
115759655,Jane Slusser,janeslusser,Fri Feb 19 21:06:39 +0000 2010,6041,2727,6368,12360,173,,National Organizing Director @Need2Impeach. Former Chief of Staff to @PhillyMayor @JimFKenney. @BarackObama alum.,"Philadelphia, PA",,,,0
142894598,Beau Biden Foundation,BeauBidenFdn,Wed May 12 01:27:36 +0000 2010,34204,996,122,1483,302,,501(c)(3) nonprofit organization honoring Beau Biden's life's work to protect children and confront abuse.,Delaware,https://t.co/6DvtWniUPn,,,1
95493980,All On The Line WI,allontheline_wi,Tue Dec 08 20:18:30 +0000 2009,17461,11638,360,10053,431,,All On The Line is the grassroots movement to end gerrymandering and restore fairness to our elections and democracy ahead of 2021 redistricting. Formerly OFA.,,https://t.co/jpQ2qVZ9qq,,,1
34012907,Ted Strickland,Ted_Strickland,Tue Apr 21 19:37:38 +0000 2009,16270,683,7,4418,687,,Former Governor of Ohio and U.S. Congressman.,Ohio,,,,1
24659718,Jed,TheJedReport,Mon Mar 16 06:27:05 +0000 2009,6061,619,1177,17377,287,,Engineer.,United States of America,,,,0
18320874,Jeremy Bird,jeremybird,Mon Dec 22 23:43:37 +0000 2008,36219,4514,21669,5588,800,,"@270Strategies Founding Partner; @DoBigThings President; @BGTX @iVoteFund Founder, Board; @BarackObama '12 National Field Dir; Go, @cardinals @arsenal",Chicago,https://t.co/WaDzZpqZib,,,1
409486555,Michelle Obama,MichelleObama,Thu Nov 10 20:13:01 +0000 2011,12767461,18,107,1121,24220,,"Girl from the South Side and former First Lady. Wife, mother, dog lover. Always hugger-in-chief.","Washington, DC",https://t.co/0UVvR5L6vm,,,1
40037388,All On The Line CO,allontheline_co,Thu May 14 17:11:47 +0000 2009,19423,15744,55,10347,474,,All On The Line is the grassroots movement to end gerrymandering and restore fairness to our elections and democracy ahead of 2021 redistricting. Formerly OFA.,Denver,https://t.co/jpQ2qVZ9qq,,,1
65686302,All On The Line NV,allontheline_nv,Fri Aug 14 17:27:00 +0000 2009,23314,21648,1455,14346,485,,All On The Line is the grassroots movement to end gerrymandering and restore fairness to our elections and democracy ahead of 2021 redistricting. Formerly OFA.,Nevada,https://t.co/jpQ2qVZ9qq,,,1
125083946,Gillian Drummond,GillDrummond,Sun Mar 21 16:40:13 +0000 2010,1925,1398,3337,2180,31,,Proud Wisconsinite.,"Madison, WI",,,,0
123715945,Jen Kohl,jenniferkohl,Wed Mar 17 00:59:01 +0000 2010,562,50,0,3487,37,,"French wine, french fries, French class, Spanish boss. PR for @chefjoseandres & @thinkfoodgroup.","Washington, D.C.",https://t.co/ulG2OAX9xC,,,0
22586620,Greg Schultz,schultzohio,Tue Mar 03 04:42:18 +0000 2009,8428,4697,916,5070,204,,Campaign Manager for @JoeBiden,"Washington, D.C.",https://t.co/8ocuRClkLG,,,1
405209192,Raymonde Charles,CharlesRaymonde,Sat Nov 05 00:41:17 +0000 2011,451,443,190,680,21,,"Spox for Chan Zuckerberg Initiative work in education. Formerly @usedgov, @ChildDefender & Obama for America.","Palo Alto, CA",https://t.co/c68xmGyD1a,,,0
24210929,Dan Crawford,dpcrawf,Fri Mar 13 17:30:16 +0000 2009,1455,1079,4043,9745,61,,"Pass the refreshments, a cool cool beverage—everything I do need a news crew's presence | Communications @economicpolicy, wrench @thebikehouse, OFA '08 & '12","Washington, DC",https://t.co/b7UCfhjOtm,,,0
30313925,White House Archived,ObamaWhiteHouse,Fri Apr 10 21:10:30 +0000 2009,13199314,229,0,28351,63002,,This is an archive of an Obama Administration account maintained by the National Archives and Records Administration (NARA).,"Washington, DC",https://t.co/OTH6srPzMw,,,1
14377605,The Democrats,TheDemocrats,Sun Apr 13 20:23:13 +0000 2008,1605987,1433,126,27413,10681,,"The official Twitter account of the Democratic National Committee, led by Chair @TomPerez. Join our team to get the latest info on Democratic news and issues.","Washington, D.C.",https://t.co/CpNJYb5UrL,,,1
3088855679,Hillary for WI,HillaryforWI,Thu Mar 12 13:30:17 +0000 2015,5044,148,524,2422,47,,"Hillary for WI is the official account for our grassroots team to elect @HillaryClinton & @TimKaine. Thank you, Wisconsin.",Wisconsin,https://t.co/r61SMMTrdy,,,1
3081659314,Hillary for Virginia,HillaryforVA,Mon Mar 09 13:48:00 +0000 2015,7417,2438,1129,1968,76,,We're the official account for the grassroots team organizing Virginia to elect @HillaryClinton. Follow us for the latest #Hillary2016 and #VirWINia updates!,Virginia,,,,1
3269091415,Hillary for Florida,HillaryforFL,Sun Jul 05 12:35:38 +0000 2015,15286,1229,8405,2081,179,,Hillary for Florida is the official account for our grassroots team to elect @HillaryClinton. Text FL to 47246.,Florida,https://t.co/mQbKxDGRde,,,1
4636121783,Biden Foundation,bidenfoundation,Mon Dec 28 21:10:41 +0000 2015,99656,26,227,1031,277,,"Effective April 25, 2019, the Biden Foundation suspended operations.",,https://t.co/hVJy2NLdl9,,,1
821784477076750338,Dr. Jill Biden,DrBiden,Wed Jan 18 18:21:02 +0000 2017,52545,3,367,256,140,,"Military mother and grandmother, a lifelong educator, and Second Lady of the United States, 2009-2017",,https://t.co/UClrPuJpyZ,,,1
18020081,John Kasich,JohnKasich,Wed Dec 10 14:33:27 +0000 2008,946233,10048,906,11848,5573,,"Husband, Dad and former Governor of Ohio.","Westerville, Ohio",https://t.co/sWW9jdoZ1L,,,1
837322093628805121,Biden's Briefing,bidensbriefing,Thu Mar 02 15:21:58 +0000 2017,5580,38,210,220,30,,"Every day, VP Joe Biden looks to the news that's sparking conversation, sharing what he's reading and might be of interest to you. Alexa enable Biden's Briefing","Delaware, USA",https://t.co/WMwWlxm2RU,,,1
869995492687716354,Biden Institute,UDBidenInst,Wed May 31 19:14:24 +0000 2017,14075,60,232,398,37,,"The Biden Institute works to tackle our nation's most pressing domestic issues while promoting economic justice, social justice, and civic responsibility.","Newark, DE",https://t.co/KzK51nUwDn,,,0
460376288,Heidi Heitkamp,HeidiHeitkamp,Tue Jan 10 17:57:11 +0000 2012,28275,252,1777,2299,405,,"Former U.S. Senator, ND Atty Gen & ND Tax Commish. Wife, mom, sister. Breast cancer survivor, & pilates enthusiast. @CNBC contributor. Founder @_OneCountry_","North Dakota, USA",,,,1
861976361853964288,Biden Cancer,BidenCancer,Tue May 09 16:09:14 +0000 2017,15100,125,891,881,69,,"Accelerating progress in #cancer prevention, detection, diagnosis, research and care through collaboration.","Washington, DC",https://t.co/Ce89O7uSx0,,,1
4244055747,Poetry In America,PoetryInAmerica,Sat Nov 21 18:59:18 +0000 2015,1082,317,577,930,21,,Bringing poetry into classrooms and living rooms around the world. Our public television series is airing now!,"Cambridge, MA",https://t.co/Xxplb0TSFa,,,0
17134268,CBS This Morning,CBSThisMorning,Mon Nov 03 17:05:29 +0000 2008,371851,2749,10033,125241,4375,,News that matters. Original reporting. Every morning. #CTM,United States,https://t.co/6D6oTC6fgL,,,1
2840712124,It's On Us,ItsOnUs,Tue Oct 21 21:24:07 +0000 2014,27065,1067,3725,6994,268,,Changing the culture around campus sexual assault. Take the #ItsOnUs pledge: https://t.co/h1w9vTQSQk,United States,https://t.co/y8wXYT2XPZ,,,0
2400284491,Rev. Dr. William J. Barber II,RevDrBarber,Thu Mar 20 18:27:34 +0000 2014,191480,1076,1339,4056,1557,,"President & senior lecturer of @BRepairers, architect of the Moral Mondays movement in North Carolina, & co-chair of @unitethepoor. #MoralMovement #MoralRevival",,https://t.co/AOkYjeMA9Q,,,1
39176902,Juan Guaidó,jguaido,Mon May 11 02:59:20 +0000 2009,2146823,2595,6848,41889,3073,,"Servidor Público, Presidente (E) de la República Bolivariana de Venezuela y la @AsambleaVe, apegado a los Art. 233/333 CRBV. Ingeniero. En todo amar y servir",Vargas,https://t.co/hZCEqTR5cj,,,1
831600619332968449,Penn Biden Center,PennBiden,Tue Feb 14 20:26:52 +0000 2017,14293,34,145,1522,89,,"The @Penn Biden Center for Diplomacy and Global Engagement believes that a democratic, open, secure, tolerant, and interconnected world benefits all Americans.","Washington, DC",https://t.co/4X4aGRboeg,,,0
3082246755,UD Biden School,UDBidenSchool,Mon Mar 09 19:36:24 +0000 2015,1165,250,506,912,21,,"Official Twitter account of @UDelaware's Joseph R. Biden, Jr. School of Public Policy and Administration • Educate • Explore • Engage • Empower","Graham Hall, Newark, DE, USA",https://t.co/w7SwmMRQrl,,,0
21258337,The View,TheView,Thu Feb 19 00:18:04 +0000 2009,762168,1528,12952,56698,3573,,"The place to be heard! Your comments/handle may be used by The View, i.e., being published online/on TV.

Buy our new 'View' mug and more: https://t.co/TYBbcL2Oaw",Weekdays 11e|10c|p on ABC,https://t.co/mToQBTQhqU,,,1
254117355,Morning Joe,Morning_Joe,Fri Feb 18 16:48:40 +0000 2011,595920,482,1972,44865,4346,,Live tweet during the show! Links to must-read op-eds and other features. Feed managed by MJ staff. Retweets not necessarily endorsements.,"New York, NY",http://t.co/zaSnKrSGzz,,,1
28785486,ABC News,ABC,Sat Apr 04 12:40:32 +0000 2009,14369289,537,39,256843,56425,,"All the news and information you need to see, curated by the @ABC News team. https://t.co/PKeobr4xt0 Tips: https://t.co/2ICEX6CuXd",New York City / Worldwide,https://t.co/7mnR2AtpOn,,,1
14173315,NBC News,NBCNews,Tue Mar 18 23:19:17 +0000 2008,6622545,1759,767,212312,41474,,The leading source of global news and info for more than 75 years. https://t.co/Hd7rJQeDzP,"New York, NY",https://t.co/Z73is4fJ3x,,,1
3228285632,HospitalWrkersRising,PGHHospitalWork,Wed May 27 14:26:35 +0000 2015,797,910,113,1344,29,,Western Pennsylvania hospital workers are coming together to improve jobs and build healthy communities. HWR is a project of SEIU Healthcare PA.,"Pittsburgh, PA",https://t.co/MfGFPq8vBW,,,0
22650211,Good Morning America,GMA,Tue Mar 03 17:40:29 +0000 2009,3646179,2425,6597,213689,17037,,Put some GOOD in your morning! Watch @GMA at 7am and around the clock at https://t.co/zWNTWbVVGq! Watch @StrahanAndSara at 1pm ET/12pm c/p weekdays!,"New York, NY",https://t.co/6BMCustbHK,,,1
26642006,Alyssa Milano,Alyssa_Milano,Thu Mar 26 00:34:20 +0000 2009,3590612,4143,22639,57735,37487,,🇺🇸 Check out @sorrynotsorry @PatNotPart and @NoRA4USA Please follow my other accounts for career updates @AlyssaDotCom @TouchByAM #NoRA,Los Angeles,https://t.co/DOhhBYiEHZ,,,1
725776756074909696,Iowa FireFighters,IPFF2,Thu Apr 28 20:00:37 +0000 2016,1365,2425,1751,3491,7,,,"Iowa, USA",https://t.co/wGdeeb9Vg0,,,0
16815644,ABC News Politics,ABCPolitics,Thu Oct 16 22:43:16 +0000 2008,754480,476,72,127216,6358,,Reports from @ABC News' political team.,"Washington, DC",https://t.co/SO3M0qceOH,,,1
1129095209772552192,Team Joe,TeamJoe,Thu May 16 18:44:10 +0000 2019,5608,1,1,99,44,,We’re building a grassroots campaign to elect @JoeBiden to be the 46th President. Account managed by #TeamJoe staff. Text JOIN to 30330 to get involved.,"Philadelphia, PA",https://t.co/BUHfybyq5Y,,,1
252409940,Mike Rawlings,Mike_Rawlings,Tue Feb 15 03:57:42 +0000 2011,35515,925,2310,4423,601,,Mike Rawlings served as mayor of Dallas from 2011-2019.,"Dallas, TX",,,,1
19608297,Human Rights Campaign,HRC,Tue Jan 27 18:55:38 +0000 2009,820698,157544,18474,47506,8909,,"HRC is the nation’s largest LGBTQ civil rights organization. We envision a world where LGBTQ people are ensured equality at home, at work & in every community.","Washington, DC",https://t.co/aqJODv04ld,,,1
77764733,Mayor Marty Walsh,marty_walsh,Sun Sep 27 15:55:11 +0000 2009,291293,2214,421,13395,1834,,"Mayor, City of Boston. Tweets by staff with tweets from the Mayor signed MJW.","Boston, Mass.",http://t.co/EWb07Q9QEU,,,1
