User Id,Name,Screen Name,Created At,Followers,Following,Favorites,Tweets,Lists,Language,Bio,Location,URL,Timezone,UTC Offset,Verified
72198806,Kirsten Gillibrand,SenGillibrand,Mon Sep 07 03:53:24 +0000 2009,1430988,992,707,18597,10634,,"Mom to Theo, Henry and dog Maple. Wife to Jonathan. U.S. Senator from NY and candidate for president. Not “very polite.”",New York,https://t.co/qccoyKkdDN,,,1
872946176877887488,Off The Sidelines,getots,Thu Jun 08 22:39:21 +0000 2017,2788,236,892,1127,26,,Off The Sidelines is @SenGillibrand’s movement to encourage women. To speak out. To get involved. To run for office. Let’s go.,,https://t.co/dLLFxz5oXs,,,1
587536673,Giffords,GiffordsCourage,Tue May 22 16:10:22 +0000 2012,66043,1927,4340,15099,684,,"Founded by @GabbyGiffords and @ShuttleCDRKelly, Giffords is on a mission to save lives from gun violence.","Washington, DC",https://t.co/NB3NWyKEQV,,,1
1905230346,Connie Britton,conniebritton,Wed Sep 25 20:03:25 +0000 2013,252620,227,3818,1697,1043,,Hey y'all.,,,,,1
405880248,Protect Our Defenders,ProtectRDfnders,Sat Nov 05 23:03:46 +0000 2011,4409,1632,8228,10383,95,,Working to end harassment & sexual violence in the US Military. Ensuring survivors & service members are provided a respectful workplace & access to justice.,"McLean, VA",http://t.co/xEeyzd722J,,,0
42389136,Reverend Al Sharpton,TheRevAl,Mon May 25 11:20:04 +0000 2009,569519,239,1099,27207,5435,,"Baptist Minister & Political, Civil Rights, and Social Justice Activist","New York, NY",https://t.co/oygOdFS074,,,1
36533337,Caitlin Moscatello,caitmosc,Thu Apr 30 00:20:37 +0000 2009,1248,608,707,1526,41,,Writer | NYMag/The Cut + more | REPRO founder https://t.co/tbrXh7V5l7 | Author of the forthcoming SEE JANE WIN pre-order here: https://t.co/e4WpcuGUy8,"New York, NY",https://t.co/4WtEyQMKpY,,,1
519072324,Carmen Yulín Cruz,CarmenYulinCruz,Fri Mar 09 01:43:23 +0000 2012,251888,549,14959,41801,1014,,Cuenta Oficial de Carmen Yulin Cruz,San Juan,https://t.co/jB4HFHdQ3M,,,1
16465385,The Nobel Prize,NobelPrize,Fri Sep 26 08:47:58 +0000 2008,451114,575,481,8262,4878,,The official Twitter feed of the Nobel Prize @NobelPrize #NobelPrize,"Stockholm, Sweden",https://t.co/5YEscsEeZ9,,,1
21258337,The View,TheView,Thu Feb 19 00:18:04 +0000 2009,762167,1528,12952,56698,3573,,"The place to be heard! Your comments/handle may be used by The View, i.e., being published online/on TV.

Buy our new 'View' mug and more: https://t.co/TYBbcL2Oaw",Weekdays 11e|10c|p on ABC,https://t.co/mToQBTQhqU,,,1
20517132,LCV,LCVoters,Tue Feb 10 14:46:01 +0000 2009,25910,2526,2845,30628,1072,,Our Earth Is Worth Fighting For,"Washington, D.C.",https://t.co/9mRotpvUpi,,,1
19608297,Human Rights Campaign,HRC,Tue Jan 27 18:55:38 +0000 2009,820697,157544,18474,47506,8909,,"HRC is the nation’s largest LGBTQ civil rights organization. We envision a world where LGBTQ people are ensured equality at home, at work & in every community.","Washington, DC",https://t.co/aqJODv04ld,,,1
153558139,National Partnership,NPWF,Tue Jun 08 21:43:46 +0000 2010,39631,7442,2786,36672,888,,National Partnership for Women & Families — Because women matter. Equality matters. We matter.,"Washington, D.C.",https://t.co/4iHT9m52xq,,,1
10069612,AFL-CIO,AFLCIO,Thu Nov 08 15:58:10 +0000 2007,119303,6840,10300,74396,2688,,The voice of working people in America's unions. Fighting for an inclusive economy that lifts wages and creates a better life for all. #1u,"Washington, DC",https://t.co/kwCGcnBSGN,,,1
14177942,Ms. Magazine,MsMagazine,Wed Mar 19 16:51:19 +0000 2008,149934,3118,4119,20086,3649,,"Reporting, rebelling and truth-telling from the feminist front lines for over 45 years.",,https://t.co/hXejFGcvXL,,,1
14676527,The_Citizen,The_Citizen,Tue May 06 17:57:10 +0000 2008,5056,633,79,85353,189,,"A daily newspaper in Auburn, New York. Cayuga County's number one news source. News tips: citizennews@lee.net.","Auburn, NY",https://t.co/hSkzx5fqv3,,,1
16935292,Democracy Now!,democracynow,Thu Oct 23 20:47:35 +0000 2008,685143,6369,4951,88081,17041,,"Independent, daily global news hour anchored by Amy Goodman & Juan González. Stream M-F 8AM ET https://t.co/qj9euWzTVH. Support independent media—Donate today!","New York, NY",http://t.co/XZYcOgrqqm,,,1
3063996411,End Citizens United,StopBigMoney,Thu Feb 26 19:24:18 +0000 2015,55237,13264,414,10293,658,,Democratic activists fighting for true campaign finance reform.,,http://t.co/F0BtdynV6F,,,1
2835886194,The Late Show,colbertlateshow,Tue Sep 30 17:13:22 +0000 2014,722514,1232,10531,22695,3428,,Official feed of The Late Show with @StephenAtHome on @CBS #LSSC,Weeknights | 11:35/10:35c,https://t.co/YTzFH21e5t,,,1
148752535,UJO of Williamsburg,UnitedJewish,Thu May 27 14:21:57 +0000 2010,2091,63,186,1660,23,,The United Jewish Organizations of Williamsburg and North Brooklyn is the premier social service provider in the area since 1966.,"Brooklyn, New York",http://t.co/x8vy821EeA,,,0
780454154959523840,DESUS & MERO on VICELAND,DesusandMeroVL,Mon Sep 26 17:09:05 +0000 2016,187736,115,2131,5425,762,,A show featuring @desusnice and @THEKIDMERO.,"Brooklyn, NY",https://t.co/tyvpl4kd2Z,,,1
44513878,Texas Tribune,TexasTribune,Thu Jun 04 01:37:46 +0000 2009,196701,59731,3094,75876,4904,,"A member-supported, nonpartisan newsroom informing & engaging Texans on state politics & policy. Tweets by @bobbycblanchard. Subscribe: https://t.co/7vzWxFKD0J","Austin, Texas",http://t.co/THOyB5XQbo,,,1
170011008,Byron W. Brown,MayorByronBrown,Fri Jul 23 18:40:23 +0000 2010,12509,301,1210,6692,211,,62nd Mayor of the City of Buffalo,"Buffalo, NY",https://t.co/7kbySImSVY,,,0
33563161,José E. Serrano,RepJoseSerrano,Mon Apr 20 16:06:56 +0000 2009,29114,1214,554,4853,1108,,"Congressman representing #TheBronx, New York. Chairman of @AppropsDems Commerce, Justice & Science Subcommittee. Dean of @HispanicCaucus",Bronx NY-Wash.DC,http://t.co/jXKviVB0sc,,,1
14194973,Robert Harding,RobertHarding,Sat Mar 22 02:07:15 +0000 2008,5219,5275,7795,123530,218,,Government and politics reporter at @The_Citizen. Syracuse Press Club’s 2018 Bill Carey Journalist of the Year. Sarah’s husband. Uncle. Buffalo sports fan.,Central New York,https://t.co/39dMuwZSWR,,,0
150078976,Chris Murphy,ChrisMurphyCT,Mon May 31 01:22:43 +0000 2010,775625,204,1175,19023,5198,,U.S. Senator from Connecticut.,,,,,1
915831762,Anthony Brindisi,ABrindisiNY,Wed Oct 31 00:54:36 +0000 2012,11409,1890,5273,4747,288,,Dad. Husband. Fighting for Upstate New York Families. Representative of #NY22.,"Utica, NY",https://t.co/IQvp0iIrLv,,,1
3233894260,Richard Giacovas,RichardGFox5,Mon May 04 17:19:06 +0000 2015,509,155,1113,1598,6,,Reporter for @fox5ny. 🎤 Storyteller. 📖 Old Soul. 👴🏻 Disney Fanatic. 🌟 Gym rat. 🏋️ Go Yankees. ⚾️                      My tweets are my own.,"New York, NY",https://t.co/4Zs8s3VWto,,,0
965266179836252161,Emma González,Emma4Change,Sun Feb 18 16:46:05 +0000 2018,1650595,255,4483,3089,3922,,Change ? in my country ? it's more likely than you think.,,https://t.co/R7UmJcihPj,,,1
965015705123930114,March For Our Lives,AMarch4OurLives,Sun Feb 18 00:10:48 +0000 2018,453212,403,3413,2824,1569,,Let’s create a safer America. Text CHANGE to 954-954 to join the movement.,,https://t.co/G7BxWrflHz,,,1
493175789,American Psychological Association,APA,Wed Feb 15 14:33:55 +0000 2012,131736,1372,4711,11569,1871,,"With more than 118,000 members, the American Psychological Association (APA) advances psychological science to promote health, education and human welfare.","Washington, DC",http://t.co/TyChMJAZbu,,,1
89820928,Andrea Mitchell,mitchellreports,Fri Nov 13 23:28:11 +0000 2009,1761486,1535,4321,49413,9427,,"NBC News Chief Foreign Affairs Correspondent/anchor, Andrea Mitchell Reports, weekdays at 12pm ET on @MSNBC.","Washington, DC",http://t.co/dYZhATgdBX,,,1
120153772,Women in the World,WomenintheWorld,Fri Mar 05 16:36:49 +0000 2010,348433,1770,12751,73097,4099,,Convening women leaders & change makers. Sharing stories & solutions to improve life for women+girls. & covering news surrounding it all. #WITW RTs≠endorsements,"New York, NY",https://t.co/rw8afE4gmO,,,1
14007532,Frank Thorp V,frankthorp,Tue Feb 26 15:31:46 +0000 2008,62909,1723,5939,30424,1981,,Producer & Off-Air Reporter covering Congress at @NBCNews. Instagram: (frankthorpv) Also served as Chairman of the RTCA Exec. Committee.,"Washington, DC",https://t.co/8xx8pxDeCQ,,,1
44177383,Gabrielle Giffords,GabbyGiffords,Tue Jun 02 18:43:03 +0000 2009,270773,6163,692,3858,4186,,Proudly served Arizona's 8th District in the United States Congress 2007-2012. Co-founded @GiffordsCourage. Married to @ShuttleCDRKelly.,"Tucson, Arizona",https://t.co/NB3NWyKEQV,,,1
1286312880,All In w/Chris Hayes,allinwithchris,Thu Mar 21 15:59:46 +0000 2013,294087,521,713,16871,2339,,@chrislhayes hosts the Emmy Award-winning 'All In' weeknights at 8pm on @msnbc. Follow the conversation along with other #inners.  https://t.co/s1OQXsgvxV,,http://t.co/W3e1qP8zTC,,,1
4207961,Chris Hayes,chrislhayes,Wed Apr 11 16:43:58 +0000 2007,1870189,1229,21413,123226,18739,,"Host of @allinwithchris on MSNBC, Weeknights at 8pm. Editor at Large at The Nation. Cubs fan. 
Insta: chrislhayes  
FB: https:https://t.co/s1OQXsgvxV",Brooklyn,http://t.co/1Wz5MmBtpw,,,1
26996798,Daily Gazette,dgazette,Fri Mar 27 12:51:32 +0000 2009,25489,387,1296,58786,483,,"We're a family-owned newspaper based in #Schenectady, covering local news in Schenectady, Saratoga, Fulton, Montgomery, Schoharie and Albany counties.","Schenectady, NY",http://t.co/J65HiBATZi,,,1
5966412,Dave Lucas,davelucas,Fri May 11 16:13:49 +0000 2007,17116,423,8649,80125,175,,🎙Broadcast Journalist | Opinions are my own. @WAMCRadio  I ♡ pop culture! Apasionada por la Música y las Fotos!  snapchat/instagram/telegram: davelucas29 大卫卢卡斯,WeChat ID: dave-lucas,https://t.co/vzTdCY9vqW,,,1
12354832,Kasie Hunt,kasie,Thu Jan 17 11:28:36 +0000 2008,431475,2132,13505,31169,4975,,"@NBCNews Capitol Hill Correspondent. Host, @KasieDC, Sundays 7-9 pm ET on @MSNBC. Once & therefore always #Wire1 at The Associated Press.","Washington, DC",,,,1
15837659,Jennifer Bendery,jbendery,Wed Aug 13 15:05:39 +0000 2008,67738,345,17304,85535,2179,,Senior politics reporter for HuffPost. Veep of Washington Press Club Foundation. 🏳️‍🌈 Tips: jen.bendery@huffpost.com,"Washington, DC",https://t.co/13UoiCscOi,,,1
535645171,Tiffany Muller,Tiffany_Muller,Sat Mar 24 19:41:00 +0000 2012,1932,942,651,1106,21,,"President of End Citizens United (@StopBigMoney). Wife, Mom. Lord of the Rings and Chiefs fan in equal measure.","Washington, DC",https://t.co/sWljqQRs9M,,,0
885548557,Samantha-Jo Roth,SamanthaJoRoth,Tue Oct 16 23:25:34 +0000 2012,5701,3719,6246,14668,276,,"Covering Congress & FL Delegation for @BN9, @MyNews13, @NY1 & Spectrum 24-hour news stations. @UofA alum. PHX ➡️DSM➡️DCA 📩 Samantha-Jo.Roth@Charter.com","Washington, DC / Florida ",https://t.co/7sTtnEo8ba,,,1
158470209,Senator Patty Murray,MurrayCampaign,Tue Jun 22 19:55:00 +0000 2010,17708,394,23,3472,912,,Senior U.S. Senator from the great state of Washington.,,http://t.co/lNkDY1GShe,,,1
26596727,John R Parkinson,jparkABC,Wed Mar 25 21:29:03 +0000 2009,12483,1870,3685,8001,503,,@ABC Congressional & White House Reporter / Producer - husband to @salcary 😍 #baraboo,"Washington, D.C.",https://t.co/cm523SDVp8,,,1
759251,CNN,CNN,Fri Feb 09 00:35:02 +0000 2007,42172577,1108,1437,248975,138555,,It’s our job to #GoThere & tell the most difficult stories. Join us! For more breaking news updates follow @CNNBRK  & Download our app ?https://t.co/UCHG9M367J,,http://t.co/IaghNW8Xm2,,,1
13850422,CNN Politics,CNNPolitics,Sat Feb 23 03:12:49 +0000 2008,2831249,342,9,152117,15890,,"Political news, campaign stories and Washington coverage from CNN's political team.","Washington, D.C.",https://t.co/KWFMkrEjdY,,,1
113468433,NYC Consumer and Worker Protection,NYCDCA,Thu Feb 11 21:29:02 +0000 2010,14943,1192,6344,8678,339,,Department of Consumer and Worker Protection (DCWP)—formerly Department of Consumer Affairs (DCA)—protects and enhances the daily economic lives of New Yorkers.,"New York, NY",https://t.co/DEdeVxt8Cp,,,1
2396505878,VoteRunLead,VoteRunLead,Tue Mar 18 16:43:56 +0000 2014,11184,3016,9817,11741,256,,"We train women to run for office & win! 🗳 80% of Alums advanced in 2018 Primaries. 📋 35,000+ Women trained (& counting)! 📣 60% Women of Color! #RunAsYouAre",United States,https://t.co/Vbaktn8PYb,,,1
293131808,Senator Patty Murray,PattyMurray,Wed May 04 20:23:35 +0000 2011,420818,2173,239,16465,3670,,Official account of U.S. Senator Patty Murray (D-WA) | Tweets come from staff unless signed “-PM” by Senator Murray | RT≠endorsement,WA & DC,http://t.co/7bd8QMhqRT,,,1
9763482,New York Daily News,NYDailyNews,Mon Oct 29 00:07:35 +0000 2007,700713,1648,1562,252990,10837,,"New York's Hometown Paper. 🍎 Breaking news, national (with a NY lens), politics, sports and entertainment in NYC & beyond |  About Us https://t.co/reU6GpyHJd",New York City  /  fb.com/nydailynews,https://t.co/9YU0vkZdRH,,,1
38036372,AAM,KeepitMadeinUSA,Tue May 05 22:18:47 +0000 2009,12815,1816,1725,28319,461,,"The Alliance for American Manufacturing is a unique nonprofit, nonpartisan organization forged to strengthen U.S. Manufacturing.",USA,http://t.co/dE30OXFHEP,,,1
794286845316255745,Pantsuit Nation,pantsuitnation,Thu Nov 03 21:15:15 +0000 2016,24991,637,2034,1271,201,,Pantsuit Nation is building the foundation for a more equitable and engaged democracy. Stories shared from the Facebook group are shared with permission.,United States,https://t.co/C7tsrZ5G5b,,,1
990994414603468801,Demand Justice,WeDemandJustice,Mon Apr 30 16:40:55 +0000 2018,15605,597,851,2237,159,,It all comes down to the courts.,"Washington, DC",https://t.co/AbIOnZmEtO,,,0
7860902,ilyse hogue,ilyseh,Tue Jul 31 22:38:48 +0000 2007,45518,5700,11490,25848,977,,President of @NARAL Pro-Choice America. Proud Texan. A rising lady lifts all boats.,"Washington, DC",https://t.co/r6NCKcqA7A,,,1
70144495,Lily Adams,adamslily,Sun Aug 30 15:40:52 +0000 2009,45376,1602,6371,25329,645,,"Communications Director for @KamalaHarris. Dog mom. From beautiful Austin, TX.","Washington, DC",https://t.co/qrX2pFnJ2A,,,1
832694676968742914,Topic,topicstories,Fri Feb 17 20:54:16 +0000 2017,17431,424,4641,7111,194,,Stories in focus.,"New York, NY",https://t.co/dG3DW31m3D,,,1
357606935,Elizabeth Warren,ewarren,Thu Aug 18 16:43:48 +0000 2011,2717181,336,8,4749,12682,,"US Senator, MA. Former teacher & law professor. Wife, mom (Amelia, Alex, Bailey, @CFPB), grandmother, & Okie. Official account: 2020 Presidential Campaign.",Massachusetts,https://t.co/BtKfTKRCOR,,,1
1074129612,Rep. Marc Veasey,RepVeasey,Wed Jan 09 15:49:27 +0000 2013,22507,3265,1619,4000,786,,Represent Dallas-Fort Worth | Assistant Whip | @energycommerce & Small Biz | #GunViolencePrevention Taskforce Whip | Voting Rights Caucus 🗳 +@bluecollardems,"Dallas-Fort Worth, Texas",https://t.co/o4DuQsMYT7,,,1
87510313,Tammy Baldwin,tammybaldwin,Wed Nov 04 19:20:25 +0000 2009,48706,4581,15,4716,1328,,Campaign account for Senator Tammy Baldwin. Tweets by staff. Tweets from Tammy signed — TB.,Wisconsin,https://t.co/Ub0vOuchNn,,,1
16329426,13WHAM,13WHAM,Wed Sep 17 14:42:13 +0000 2008,156563,1203,1551,161987,987,,"No. 1 for Breaking News & Weather Authority in the Rochester, N.Y. area. https://t.co/QShqtVLPOF | Twitter: @13wham | IG: @13whamtv","Rochester, NY USA",https://t.co/wsVIT8gS9B,,,1
491350825,MAKERS,MAKERSwomen,Mon Feb 13 14:55:34 +0000 2012,113568,2465,18951,70920,2462,,Accelerating the women’s movement through stories of real-life experiences that ignite passion and action. ✊💥,"New York, USA",https://t.co/pCROS4tRIM,,,1
15554922,CAP Action 🏳️‍🌈,CAPAction,Wed Jul 23 03:36:34 +0000 2008,63038,6163,685,49014,2290,,Hard-hitting news + analysis paired with action on the issues that matter most. Working alongside @AmProg & @ThinkProgress.,,http://t.co/PoAJevCiwb,,,1
13393052,ACLU,ACLU,Tue Feb 12 16:27:34 +0000 2008,1625771,5671,19677,46088,15411,,"The ACLU is a nonprofit, nonpartisan, legal and advocacy 501(c)(4) organization. Visit our site for more about us and our affiliated org, the ACLU Foundation.",All 50 states,https://t.co/AF1gbNeaRA,,,1
18590012,Gale A. Brewer,galeabrewer,Sat Jan 03 23:40:00 +0000 2009,23051,1837,8768,18308,577,,President of the Borough of Manhattan. Email me directly: gbrewer [at] https://t.co/GFG4PPVFQi,"New York, NY",https://t.co/GFG4PPVFQi,,,1
740536943784697856,BrownBell Consulting,BrownBell_LLC,Wed Jun 08 13:32:20 +0000 2016,324,785,1358,691,19,,"BrownBell Consulting, LLC is a full service Corporate Relations company, providing customizable solutions to meet all your relationship needs #BrownBellConsults",NY/NJ,https://t.co/j7KRsZ6s2i,,,0
17759148,Yasmeen Khan,yasmeenkhan,Sun Nov 30 18:17:34 +0000 2008,6029,3520,3218,7176,184,,"Reporter for WNYC, covering policing, crime and public safety as the people of the city experience it. In NYC by way of Chapel Hill. email me: ykhan@wnyc.org",New York City,,,,1
2212905492,Jennifer Wexton,JenniferWexton,Sun Nov 24 18:38:14 +0000 2013,22561,474,2544,3243,399,,"Mom to two boys & two rescue labs. Former state Senator, prosecutor, and advocate for abused children. Congresswoman for #VA10.","Leesburg, VA",https://t.co/S9LraqZK1g,,,1
22162854,Planned Parenthood Action,PPact,Fri Feb 27 17:18:45 +0000 2009,495978,2281,5949,45937,5346,,"Paid for in part by Planned Parenthood Votes, 123 William St., NY NY 10038. Not authorized by any candidate or candidate's committee.",USA,https://t.co/MwnKtaso7n,,,1
941782988819521536,TIME'S UP,TIMESUPNOW,Fri Dec 15 21:32:16 +0000 2017,123376,518,1360,2340,549,,"TIME’S UP™ is an organization that insists on safe, fair & dignified work for women of all kinds.",,https://t.co/VaCDHtHbUu,,,1
16967845,National Women's Law Center,nwlc,Sat Oct 25 15:47:20 +0000 2008,70235,2706,2287,36664,2050,,Justice for her. Justice for all. Housing and administering the @TIMESUPLDF.,"Washington, DC",,,,1
4795344505,UnitedStateofWomen,USOWomen,Thu Jan 21 22:10:33 +0000 2016,35729,1625,5229,11066,476,,Galvanizing women and allies across all sectors to work towards a more united #StateOfWomen. Join us!,"Washington, DC",https://t.co/W26DbxczMB,,,1
15174710,MomsRising,MomsRising,Thu Jun 19 23:49:24 +0000 2008,65050,20627,28002,193929,2196,,"All content we post here is from MomsRising Together, a 501(c)(4) social welfare org, unless otherwise stated. More info: https://t.co/GOs0KCxMEK",U.S.A.,http://t.co/aw7TJHLq7o,,,1
938556022460907521,Senator Zellnor Y. Myrie 米维,zellnor4ny,Wed Dec 06 23:49:28 +0000 2017,7319,1042,2788,1130,99,,"Nongovernment account. NY State Senator, District 20. Follow my official government account for updates: @SenatorMyrie","Crown Heights, Brooklyn",https://t.co/9U6oXcQvRI,,,0
258954731,Robert Jackson,RJackson_NYC,Mon Feb 28 21:29:34 +0000 2011,6763,1312,752,7509,191,,"NY State Senator (SD #31), Former NYC Council Member & current Democratic District Leader. Education, Housing, Jobs, Health Care & Equal Rights.","Manhattan, NY",,,,0
50310311,Center for Reproductive Rights,ReproRights,Wed Jun 24 13:53:54 +0000 2009,103633,2198,16099,22729,1674,,"For over 25 years, the Center for Reproductive Rights has used the power of law to advance reproductive rights as fundamental human rights around the world.",New York,https://t.co/7I1yP1K83V,,,1
24439201,James Hohmann,jameshohmann,Sat Mar 14 22:11:59 +0000 2009,50904,4089,24200,39437,1630,,National Political Correspondent for The Washington Post || Author of The Daily 202 || Anchor of @PowerPost || Minnesotan || James.Hohmann@washpost.com,D.C.,https://t.co/Fhx3RiEpKX,,,1
19847765,Sahil Kapur,sahilkapur,Sun Feb 01 05:18:57 +0000 2009,125926,578,5118,67865,3192,,National political reporter for Bloomberg News | E-mail me tips at skapur39@bloomberg.net,"Washington, D.C.",https://t.co/HbeX08q5B6,,,1
829061809135030272,Antonio Delgado,DelgadoforNY19,Tue Feb 07 20:18:33 +0000 2017,25576,2144,947,3098,358,,"Schenectady native. Rhinebeck resident. #NY19 Congressman. Leading with accountability & integrity. Listening, engaging & finding common ground.",,https://t.co/bTcIQgHuNo,,,1
49697450,Economic Policy Institute,EconomicPolicy,Mon Jun 22 17:27:41 +0000 2009,58683,10465,1302,22242,2128,,The people's think tank. Putting workers first since 1986.,Washington DC,https://t.co/b7UCfhjOtm,,,1
826472694426255361,Town Hall Project,townhallproject,Tue Jan 31 16:50:20 +0000 2017,46814,611,2326,6550,584,,"Town Hall Project empowers constituents to have face-to-face conversations with lawmakers. Lawmakers, it's time to #DoYourJob and meet the people you work for.",USA,https://t.co/RIexsj5wZk,,,1
9300262,POLITICO,politico,Mon Oct 08 00:29:38 +0000 2007,3842984,1426,29,308190,39459,,"Nobody knows politics like POLITICO. Got a news tip for us? 
👉 https://t.co/fp9nugJuND","Washington, D.C.",https://t.co/PPMyQsPlIg,,,1
2302481323,Latino Victory,latinovictoryus,Tue Jan 21 04:21:01 +0000 2014,22524,1772,6800,11841,344,,Latino Victory is a progressive political organization working to grow Latino political power by increasing Latino representation at every level of government.,"Washington, D.C.",https://t.co/ej1ZIUUaVN,,,1
239509917,Brittany Packnett,MsPackyetti,Mon Jan 17 19:58:52 +0000 2011,203752,3403,45998,91273,2321,,learning in public | teaching truth to move people to action | @buildlovepower fndr | fmr @HarvardIOP fellow | Ferguson | @kidnoble’s +1 for life | she/her/hers,brittany@brittanypacknett.com,https://t.co/7Q9CYUv0eq,,,1
92186819,Senator Mazie Hirono,maziehirono,Tue Nov 24 03:10:37 +0000 2009,400877,1405,97,5580,3206,,U.S. Senator Mazie K. Hirono - Proudly Serving the People of Hawaii,Hawaii,http://t.co/m4u3CFOBHg,,,1
2813548308,Claudia S Chan,claudSchan,Tue Sep 16 19:15:44 +0000 2014,198,292,655,596,8,,Government Relations @LaGuardiaCC,New York,,,,0
26583978,Jessica Ramos,jessicaramos,Wed Mar 25 20:32:43 +0000 2009,14021,2189,4170,11035,238,,New York State Senator proudly representing District 13. Chair of the Senate Labor Committee. #SeenIn13 #13inAlbany #VamosRamos 🇨🇴,"Jackson Heights, Queens",https://t.co/rADJQOpsLP,,,1
20800328,Irin Carmon,irin,Fri Feb 13 19:55:34 +0000 2009,73860,2775,14370,52915,1924,,senior correspondent @nymag contributor @CNN Coauthor @notoriousrbg irin.carmon@nymag.com.,NYC,https://t.co/YDSoKVhEQd,,,1
17006036,NARAL,NARAL,Mon Oct 27 20:11:49 +0000 2008,192803,5957,20268,57272,2896,,NARAL Pro-Choice America fights to protect & expand reproductive freedom for all. #StopTheBans,"Washington, DC",https://t.co/FVWpmRfmi7,,,1
313663341,Sarah Sophie Flicker,sarahsophief,Thu Jun 09 01:01:05 +0000 2011,8878,1119,34300,38943,121,,"Firebrand,The Resistance Revival Chorus, Women's March On Washington. The Citizens Band, Violet Book. Mother.",Mother Earth,https://t.co/bP9mbzzvez,,,0
1648370773,WhyCourtsMatter,WhyCourtsMatter,Mon Aug 05 18:03:32 +0000 2013,6651,1137,4947,15630,157,,"A campaign under Legal Progress at @amprog, focusing on the vital role courts play in the lives of Americans.",,https://t.co/x4qLKyhy7l,,,0
544378056,Jennifer Shutt,JenniferShutt,Tue Apr 03 14:01:52 +0000 2012,4980,417,1812,12491,254,,I cover Congress' budget and appropriations process for @CQnow and @RollCall,"Washington, D.C.",https://t.co/t7hKndLE71,,,1
74568060,Georgia Democrat,GeorgiaDemocrat,Tue Sep 15 21:57:18 +0000 2009,29982,8528,3690,13485,605,,Official Twitter account for the Democratic Party of Georgia. Voter Protection Hotline: 888-730-5816. Sign up to Volunteer ➡️https://t.co/V86Vko1o8r,"GA, USA",https://t.co/v2HrY0iF9p,,,1
582403916,Dr. Danielle Mitchell,DMMD4TNCongress,Thu May 17 03:29:21 +0000 2012,3610,809,1299,1724,64,,"Family physician, compassionate human being, seven-time IronMan, small business owner, survivor saved by the ACA, and candidate for US Congress TN-3","Chattanooga, TN",https://t.co/VkRhS9NyZm,,,1
102071743,Governor Gretchen Whitmer,GovWhitmer,Tue Jan 05 14:15:29 +0000 2010,76294,446,1209,4799,688,,49th Governor of Michigan. Proud mom.,"East Lansing, MI",https://t.co/8vKJCSSDGB,,,1
11490472,Joshua Neyhart,maniacmiler,Mon Dec 24 23:55:32 +0000 2007,1881,2606,82884,54704,53,,"I like to run. I like 🚌🚋🚞🚇🚉🛫. I like Philly Sports. Policy, Governor @gretchenwhitmer. | Views expressed are mine |","Lansing, MI",,,,0
23450558,PA Democratic Party,PADems,Mon Mar 09 15:51:59 +0000 2009,22460,1382,1449,15055,558,,We elect Democrats and fight for progress at every level and in every corner of Pennsylvania.,"Harrisburg, PA",https://t.co/Nc7jZZoZYE,,,1
28556611,Molly Kelly,NHMollyKelly,Fri Apr 03 12:59:06 +0000 2009,5048,473,601,734,76,,,"New Hampshire, USA",https://t.co/qyxf8EEeHb,,,1
14677919,The New Yorker,NewYorker,Tue May 06 19:36:33 +0000 2008,8660691,423,1970,95787,64140,,"Unparalleled reporting and commentary on politics and culture, plus humor and cartoons, fiction and poetry, reviews, and criticism.","New York, NY",https://t.co/RLTwD4X3RQ,,,1
16715398,Eyewitness News,ABC7NY,Mon Oct 13 02:33:46 +0000 2008,659210,31086,7379,260816,3819,,"New York's #1 news, Channel 7 Eyewitness News. WABC-TV. Comments & photos shared here or using #abc7NY could be used on any ABC platforms.",New York City,https://t.co/jfhEMrUXM9,,,1
2241180205,CNY Opinion,CNYOpinion,Wed Dec 11 18:20:45 +0000 2013,742,524,4,4479,24,,"Read letters and share your opinions on the latest CNY, U.S. and world news on https://t.co/OOrFGRnxEl.","Syracuse, NY",http://t.co/8zy93sxTlZ,,,0
16637144,Immigration Equality,IEquality,Tue Oct 07 21:12:35 +0000 2008,14917,861,2402,7108,587,,Immigration Equality Action Fund is the nation’s leading LGBTQ immigrant rights organization. We rep & advocate for LGBTQ & HIV-positive immigrants and families,USA,http://t.co/IpVatux1Cv,,,1
183767243,AJC,AJCGlobal,Fri Aug 27 21:09:31 +0000 2010,122263,621,2773,17123,767,,"American Jewish Committee (AJC) works to enhance the wellbeing of the Jewish people & Israel, & to advance human rights & democratic values around the world.",Global Jewish Advocacy,https://t.co/RKot8l2aje,,,1
823728914208002050,Dana Balter,dana_balter,Tue Jan 24 03:07:32 +0000 2017,4061,561,1400,2220,128,,"Working to return politics and government to the hands of the people where they belong.
RTs/Likes ≠ Endorsements.","Syracuse, NY",,,,1
80370806,Liuba Grechen Shirley,liuba4congress,Tue Oct 06 18:34:17 +0000 2009,18211,4974,13133,9637,224,,Mama of two fighting to elect moms everywhere. Founder of @VoteMamaUS. Former Congressional candidate. #NY02,"Amityville, NY",https://t.co/CY4rudvp95,,,1
26676275,Spectrum News Albany,SPECNewsAlbany,Thu Mar 26 03:15:14 +0000 2009,65993,1403,445,82759,710,,"Spectrum News offers the best 24-hour local news coverage for the Capital Region plus weather, sports and your favorite features.",,https://t.co/SmzkexXBk2,,,1
947956236804337664,Lucy McBath,lucymcbath,Mon Jan 01 22:22:33 +0000 2018,93492,406,769,1112,574,,Mother of Jordan Davis - young man who was shot and killed in the national Loud Music Shooting. Congresswoman for Georgia’s Sixth Congressional District.,"Georgia, USA",https://t.co/T4FQkiPyhU,,,1
22650211,Good Morning America,GMA,Tue Mar 03 17:40:29 +0000 2009,3646177,2425,6597,213687,17037,,Put some GOOD in your morning! Watch @GMA at 7am and around the clock at https://t.co/zWNTWbVVGq! Watch @StrahanAndSara at 1pm ET/12pm c/p weekdays!,"New York, NY",https://t.co/6BMCustbHK,,,1
817076257770835968,Adriano Espaillat,RepEspaillat,Thu Jan 05 18:32:15 +0000 2017,14105,1503,4170,7985,462,,Proudly serving New York’s 13th Congressional District. @HispanicCaucus @HouseForeign @TransportDems @HouseSmallBiz. Follow my work in Washington and #NY13,https://www.facebook.com/Congr,https://t.co/lcRqmQFAbz,,,1
811040591035461632,Indivisible NationBK,bkindivisible,Tue Dec 20 02:48:40 +0000 2016,5460,2824,24045,12363,104,,"We work with @indivisibleteam to promote civic engagement, lobby our representatives & fight the Trump/ GOP agenda. https://t.co/Nigai867HZ",,https://t.co/L0oRq0z8Sq,,,0
2670048582,Marianne Karth,MaryandAnnaLeah,Tue Jul 22 17:32:29 +0000 2014,402,306,1366,5494,19,,Truck crash survivor & Mom of 2 teenage daughters who didn't survive truck underride. Sign our #STOPunderrides Petition: https://t.co/1nUBjFfXY1,North Carolina,http://t.co/cPo3ARaBGG,,,0
14173315,NBC News,NBCNews,Tue Mar 18 23:19:17 +0000 2008,6622533,1759,767,212312,41474,,The leading source of global news and info for more than 75 years. https://t.co/Hd7rJQeDzP,"New York, NY",https://t.co/Z73is4fJ3x,,,1
701725963,NowThis,nowthisnews,Tue Jul 17 20:31:08 +0000 2012,2353359,12234,12623,125718,9300,,Stories that move. Send us your tips: contact@nowthismedia.com,The Internet & NYC,http://t.co/1NLX7sJ52o,,,1
2940964728,Iowa Starting Line,IAStartingLine,Tue Dec 23 16:50:35 +0000 2014,19776,1991,5254,34273,504,,Your home for Iowa Caucus and Iowa politics news and analysis. Founded in 2015 by former IA Dem staffer @patrynard.,,https://t.co/DpEAYnDMWv,,,0
15907183,Charlotte Clymer🏳️‍🌈,cmclymer,Tue Aug 19 18:00:06 +0000 2008,218597,3758,133424,130951,2534,,@HRC Comms (opinions own). Writer. Queer. Army Vet. Texan. Hoya. She/Her. Rep: @lynnjohnstonlit Speaking: https://t.co/quUsSkgThg Inquiries: cmclymer@gmail.com,"Washington, D.C.",https://t.co/ZhahmCETml,,,1
1915033663,David Hogg,davidhogg111,Sat Sep 28 18:48:33 +0000 2013,971381,1650,10839,7723,3710,,"Good at protesting, bad at spelling | He, Him, His 

@AMarch4OurLives Co-Founder 


contactdavidhogg@gmail.com","Parkland , FL",https://t.co/RDsZj8Gq8t,,,1
242882658,UNH Democrats,UNHDems,Tue Jan 25 20:29:25 +0000 2011,1051,584,760,2346,24,,@UofNH chapter of @NHCollegeDems. Making students voices heard. Durham ➡️ Concord ➡️ Washington D.C. 🇺🇸| Retweets do not equal endorsement,"Durham, NH",https://t.co/E54PgbDPP4,,,0
96874227,Courtney Marabella,CourtMarabella,Tue Dec 15 00:22:20 +0000 2009,1060,1008,9431,2656,24,,Engagement Editor for the @AsburyParkPress/@USAToday Network. @TempleUniv grad. @djnf alum. Very efficient in airports. Opinions are my own.,"Asbury Park, NJ",https://t.co/BkGtbAFv54,,,1
17011177,Cecile Richards,CecileRichards,Tue Oct 28 00:54:24 +0000 2008,192718,727,8533,11830,2534,,"Fighting for gender equity w/ @supermajority. Runner, baker, traveler, author of Make Trouble. Former president turned lifelong supporter of Planned Parenthood.","New York, NY",https://t.co/UWJvkP3bOK,,,1
64777391,Trav Robertson,TravRobertson,Tue Aug 11 17:41:48 +0000 2009,2665,935,3721,2245,33,,South Carolina native. Sweet tea aficionado. @SCDP Chair.,"Columbia, SC",https://t.co/WpBD59Of6C,,,0
174110843,Jon Lovett,jonlovett,Tue Aug 03 03:41:01 +0000 2010,673610,1365,5907,22998,6174,,"@podsaveamerica on HBO and not on HBO, Lovett or Leave It, founder of @crookedmedia, former presidential speechwriter. Mostly water.",,https://t.co/dZmbRJOcgu,,,1
73754019,Jaime Harrison,harrisonjaime,Sat Sep 12 22:51:23 +0000 2009,136767,5837,9932,14327,515,,"Son of a single mom. Born & raised in Orangeburg, SC. Fighting for working people. Running for US Senate to #SendLindseyHome. Join us ⬇️",South Carolina,https://t.co/yV5gPlbZhc,,,1
65707359,Mark Kelly,ShuttleCDRKelly,Fri Aug 14 19:00:42 +0000 2009,277844,1278,386,2188,3652,,Navy combat veteran & retired NASA astronaut. Husband to @GabbyGiffords. Candidate for U.S. Senate in Arizona.,"Tucson, Arizona",https://t.co/j16CM3BFDx,,,1
872156132688711681,Lauren Underwood,LaurenUnderwood,Tue Jun 06 18:20:00 +0000 2017,79127,213,697,1666,652,,Registered Nurse. Congresswoman representing the IL-14 district. Find me on Facebook at UnderwoodForCongress and on IG at laurenaunderwood,"Naperville, IL",https://t.co/YhBOYrgz8w,,,1
14662569,WMUR TV,WMUR9,Mon May 05 18:01:28 +0000 2008,127943,391,72,309521,1434,,"News, weather and sports updates from WMUR News 9 and http://t.co/OLoBoV59e7.",New Hampshire,http://t.co/L7Ckio68qL,,,1
1917731,The Hill,thehill,Thu Mar 22 18:15:18 +0000 2007,3297372,252,25,587036,26069,,"The Hill is the premier source for policy and political news. Follow for tweets on what's happening in Washington, breaking news and retweets of our reporters.","Washington, DC",http://t.co/t414UtTRv4,,,1
19074134,Marie Claire,marieclaire,Fri Jan 16 16:38:31 +0000 2009,2256110,1826,5428,128196,11859,,"If it matters to women, it's in Marie Claire.",Snapchat: @MarieClaire,https://t.co/1PY5svadP9,,,1
16012783,The Daily Beast,thedailybeast,Wed Aug 27 15:24:02 +0000 2008,1220759,978,2983,288443,24261,,Independent. Intelligent. Influential. Send tips to tips@thedailybeast.com.,"New York, NY",https://t.co/68iIwjpBjB,,,1
16815644,ABC News Politics,ABCPolitics,Thu Oct 16 22:43:16 +0000 2008,754477,476,72,127215,6358,,Reports from @ABC News' political team.,"Washington, DC",https://t.co/SO3M0qceOH,,,1
17134268,CBS This Morning,CBSThisMorning,Mon Nov 03 17:05:29 +0000 2008,371850,2749,10033,125238,4375,,News that matters. Original reporting. Every morning. #CTM,United States,https://t.co/6D6oTC6fgL,,,1
1275136292,Families Belong Together,fams2gether,Sun Mar 17 14:38:49 +0000 2013,29443,1170,5595,13166,323,,Official #FamiliesBelongTogether account. We won't stop fighting until children are reunited with their families.,,https://t.co/asFmMGY4Mi,,,1
21111896,Norah O'Donnell🇺🇸,NorahODonnell,Tue Feb 17 18:02:24 +0000 2009,203342,2276,14597,17750,3759,,"Wife, mother of 3, Anchor & Managing Editor @cbseveningnews, #1 fan of @chefgeoffs. Tweet LOVE","Washington, D.C.",https://t.co/eNxQdIGBoC,,,1
810590628727914496,Indivisible Guide,IndivisibleTeam,Sun Dec 18 21:00:40 +0000 2016,271727,2038,13077,37475,2949,,Former congressional staffers reveal best practices for making Congress listen. We're not the leaders of this movement. You are.,"Washington, DC",https://t.co/jdcxDFI7zk,,,1
1281118914,David Meuse,JdmMeuse,Tue Mar 19 18:14:28 +0000 2013,586,629,6538,2524,6,,"NH State Representative, Portsmouth resident, and Red Sox fan.","Portsmouth, NH",,,,0
10649692,NH Public Radio,nhpr,Tue Nov 27 07:05:22 +0000 2007,41611,1906,1735,41304,815,,"New Hampshire Public Radio on Twitter. News, politics, culture, local programs, and more.","New Hampshire, USA",http://t.co/idj231GsvB,,,1
119250381,Carolyn B. Maloney,CarolynBMaloney,Wed Mar 03 02:55:17 +0000 2010,16940,3888,467,2620,760,,"Former teacher, consumer champion, equal rights activist, progressive Congresswoman.❤️#NY12 

Donate: https://t.co/kzE4kSR3AT
Volunteer: https://t.co/9RJXYecdPG",,https://t.co/R1UWOB1YGw,,,1
2836421,MSNBC,MSNBC,Thu Mar 29 13:15:41 +0000 2007,2505557,636,672,169503,22550,,"The place for in-depth analysis, political commentary and informed perspectives.",,https://t.co/5TAF6ijWwt,,,1
107120201,MSNBC Public Relations,MSNBCPR,Thu Jan 21 16:18:30 +0000 2010,11931,583,107,6786,318,,"The official Twitter feed of @MSNBC Public Relations. Follow us for the latest news, exclusives & a behind-the-scenes look at MSNBC.",,https://t.co/hmQONSQz0v,,,1
1093619068148559872,Gretchen Whitmer,gretchenwhitmer,Thu Feb 07 21:14:39 +0000 2019,2461,26,1,26,29,,Lifelong Michigander. Proud mom. Governor of Michigan. This is my personal account. For my official account visit @GovWhitmer.,"East Lansing, MI",https://t.co/q9pcfbnIwq,,,1
1067826316622405633,DESUS & MERO on SHOWTIME,SHODesusAndMero,Wed Nov 28 17:03:27 +0000 2018,53536,69,6755,1360,121,,Catch @desusnice and @THEKIDMERO on @Showtime Mondays & Thursdays at 11/10c. 🎨 #DESUSandMERO 💪 #ShowtimeLateNight,"Bronx, NY",https://t.co/Z4fAsQaTKI,,,1
21156659,Iowa Democrats,iowademocrats,Wed Feb 18 01:36:50 +0000 2009,17361,2385,2404,21710,501,,We're the Iowa Democratic Party. We #BelieveInIowa.,The Great State of Iowa,https://t.co/4dPhRovtq9,,,1
423135707,Casey Clemmons,casey_clemmons,Mon Nov 28 03:59:05 +0000 2011,8683,996,36442,18228,184,,"now → team @sengillibrand in iowa | alum → @depaulu, @barackobama, @hillaryclinton, & a bunch of other campaigns | i tell dad jokes | big fan of dogs & dems","Des Moines, IA",https://t.co/Z3n8DbQKIs,,,0
720504404,StudentDebtCrisis,DebtCrisisOrg,Fri Jul 27 17:02:59 +0000 2012,26310,3188,15178,24424,293,,"Non-profit, 501(c)(4) org. dedicated to fundamental reforms to the way in which Higher Ed is paid for in America.
RTs don't=endorsements
https://t.co/jebrrgDc4g",,http://t.co/jebrrgm92g,,,1
229248547,SEIU Nevada,SEIU1107,Tue Dec 21 22:41:52 +0000 2010,2468,915,2043,3989,70,,"The official account of the largest movement of healthcare & public workers in Nevada. Service Employees International Union Nevada Local 1107, https://t.co/rY91PEstdF","Las Vegas, NV",https://t.co/rY91PEstdF,,,0
14398250,Gabriel Blau,gabrielblau,Tue Apr 15 16:32:34 +0000 2008,9693,3052,12008,8684,169,,"Dad, husband, #LGBTQ rights advocate & nonprofit consultant. @EqualityNewYork @HetrickMartin @LGBTFamilyFirst. Former ED @family_equality Opinions my own.",New York,https://t.co/SFWcj3VO3y,,,1
58369579,Annie E. Clark,aelizabethclark,Mon Jul 20 02:54:18 +0000 2009,11570,4765,23499,15431,198,,"always learning. Author WE BELIEVE YOU, #thehuntingground, reader, baker, soccer player, & proud Tar Heel. Former: ED @endrapeoncampus Now: @SUNY Civil Rights🌈",DC/NY,,,,1
258338711,Andrea Pino-Silva,andreactually,Sun Feb 27 14:02:13 +0000 2011,10612,4470,20235,19935,0,,Unapologetic Storyteller . Queer Cubana . Survivor. Tar Heel . Comms @NCLRights . Author . Co-founder @endrapeoncampus .,Piscataway Lands (DC),https://t.co/ASjQkxZr59,,,1
1612995427,Lisdy Contreras,Lisdy_Contreras,Mon Jul 22 14:39:27 +0000 2013,240,146,4811,5930,1,,Pace University 2019 | DREAMer | Lawyer in the making.,,,,,0
14335586,Public Citizen,Public_Citizen,Tue Apr 08 20:07:57 +0000 2008,123854,5911,8844,29335,2628,,Public Citizen has been standing up to corporate power and holding government accountable for 47 years. We're people-powered and accept no corporate money.,"Washington, DC",https://t.co/agsDTwKcZ7,,,1
145292853,Gary Peters,GaryPeters,Tue May 18 16:10:02 +0000 2010,10978,808,76,1935,380,,"Proud husband and father of three, five generations in MI, 20+ years in business, 10+ years in the U.S. Navy Reserve, fighter for the middle class","Oakland County, MI",http://t.co/J3ZTBeLBHs,,,1
827001963980193792,Indivisible Brooklyn,indivisible_bk,Thu Feb 02 03:53:27 +0000 2017,2430,298,2694,1700,28,,Brooklyn offspring of the @IndivisibleTeam movement. Say hi: indivisiblebrooklyn@gmail.com,"Brooklyn, NY",https://t.co/O1A0W68nBp,,,0
14695985,SEIU,SEIU,Thu May 08 04:08:06 +0000 2008,87330,11884,5181,45502,2210,,"Official account of the Service Employees International Union, a leading voice for labor & change for working people. Union #1u Join us: https://t.co/fibKyNAilp","U.S., Canada, Puerto Rico",https://t.co/cqohIfQC5Y,,,1
79923701,Lin-Manuel Miranda,Lin_Manuel,Mon Oct 05 04:59:07 +0000 2009,2861890,3066,46560,60924,7542,,el nene de la obra. https://t.co/KNRgSFxx3A,Washington Heights,https://t.co/1U0poRLi4I,,,1
71349174,CNN Communications,CNNPR,Thu Sep 03 20:21:30 +0000 2009,137821,664,1222,24566,2472,,"Tweets from the @CNN Communications team with the latest news, announcements and a behind-the-scenes look at CNN Worldwide. 
#FactsFirst 🍎",,https://t.co/rDwkB846Cr,,,1
27078238,Democratic Party WI 🏳️‍🌈,WisDems,Fri Mar 27 19:36:10 +0000 2009,20567,1960,971,21357,633,,"We are the Democratic Party of Wisconsin. We are committed to building fairness, opportunity and community for all. #VoteBlueWI",Wisconsin,https://t.co/kDkNIxH0yY,,,1
14868145,People's Action,PplsAction,Thu May 22 13:25:59 +0000 2008,17803,3464,3949,18256,631,,"We are a national grassroots network of more than a million people in 32 states working to promote democracy, social justice, and economic fairness.",The Future,https://t.co/6fELUyHzJd,,,1
165791468,SocialSecurityWorks,SSWorks,Mon Jul 12 15:09:48 +0000 2010,24386,6846,4282,19898,452,,We're fighting to address the retirement income crisis by protecting and expanding our Social Security system.,"Washington, DC",http://t.co/oWaMKWm531,,,1
1080807139,Dr. Frantz Whitfield,docftw33,Fri Jan 11 20:08:06 +0000 2013,2802,3561,5195,4257,49,,"Baptist Pastor, PREZ of IA Nat’l Action Network, Civil Rights Activist, Co Chair of Young Pastor's Division NBC USA Inc. Boston Celtics Fan for Life","Waterloo, IA",,,,0
16403723,Institute for Policy Studies,IPS_DC,Mon Sep 22 14:21:21 +0000 2008,15413,2210,2846,19323,950,,"Since 1963, the Institute for Policy Studies has challenged inequality, corporate power, polluters, and militarism.","Washington, DC",https://t.co/DkqMrXLp6G,,,0
1270426374,Marie Newman,Marie4Congress,Fri Mar 15 18:52:12 +0000 2013,14687,4784,6764,3756,170,,"#IL03 Dem for Congress: Real Democrat with a Real Plan for Making the Economy Work For Everyone, Med4Alll, Real Pay For Real Jobs, Green New Deal. #NewDayinIL03",,https://t.co/jJ9OSSNeyo,,,0
25030365,Marti Gould Cummings,MartiGCummings,Wed Mar 18 04:52:35 +0000 2009,10800,2566,39875,3073,171,,"Spouse, comedian, animal lover, political activist, NYC Nightlife Advisory Board member, 2018 OUT 100 honoree, star of Shade: Queens of NYC on Fusion TV.","New York, NY",https://t.co/Z2gv5i73oD,,,1
27867017,ABCNews PR,ABCNewsPR,Tue Mar 31 13:19:02 +0000 2009,42486,794,223,15360,1284,,The official Twitter account for the @ABC News Media Relations team.,New York City,https://t.co/yBlwx94KYm,,,1
14276290,Douglas W. Burns,douglaswburns,Tue Apr 01 17:05:58 +0000 2008,1979,2073,777,5912,101,,4th-generation Iowa journalist. Co-owner/columnist Carroll Times Herald/Herald Publishing. Writes Political Mercury column in Des Moines' Cityview.,"Carroll, Iowa",https://t.co/vSTEZEVcbv,,,0
816869611480186880,Pod Save America,PodSaveAmerica,Thu Jan 05 04:51:06 +0000 2017,428857,1,198,3292,2832,,A no-bullshit conversation about politics with hosts @jonfavs @danpfeiffer @tvietor08 & @jonlovett.,,https://t.co/dZmbRJwARU,,,1
57751453,Athena Jones,AthenaCNN,Fri Jul 17 20:41:46 +0000 2009,24611,4362,1364,5498,641,,"CNN National Correspondent. Proud Texan + Louisiana roots. Covered '08, '16 & Obama & Trump WHs. Spent early '00s reporting in S. America @iamathenajones on IG","New York, USA",https://t.co/FGYmbYFP1D,,,1
49031364,Marshall Cohen,MarshallCohen,Sat Jun 20 15:25:55 +0000 2009,46652,3101,10,22089,933,,"Reporter/Producer for @CNN, covering the Trump investigations and more. Previously with @CBSNews. I was raised in Philadelphia and graduated from Northwestern.","Washington, D.C.",https://t.co/IaghNWqyKC,,,1
1068353754880253952,Focus On Rural America,focusonrural,Fri Nov 30 03:59:18 +0000 2018,1362,982,38,358,11,,Bridging the divide between Rural and Urban America by building support for a progressive economic agenda.,"Iowa, USA",https://t.co/74kpCAOCqJ,,,0
52052011,GovTrack.🇺🇸,govtrack,Mon Jun 29 13:16:27 +0000 2009,91052,877,763,22281,1715,,Research and track the bills and votes in the 🇺🇸 Congress. #opengov (Not a government account.),"Washington, DC",https://t.co/QH4YsS5dOc,,,1
44431715,NH Young Democrats,NHYoungDems,Wed Jun 03 19:17:39 +0000 2009,5551,2524,4807,12638,151,,"Our mission is to recruit, train, & elect the next generation of progressive leaders in NH. @YoungDems #youthvote #nhpolitics https://t.co/h0WTZZYFTJ",New Hampshire,https://t.co/XZCmgbPYCU,,,0
68219213,Texas Democrats,texasdemocrats,Sun Aug 23 19:44:09 +0000 2009,59458,3143,2142,27764,1105,,The official Twitter account of the Texas Democratic Party. #MyTexasVotes #txlege,Texas,https://t.co/zould5tnwZ,,,1
7591572,Adam Smith,asmith83,Thu Jul 19 18:08:40 +0000 2007,19598,3194,43060,93825,696,,Gay stuff and corruption. Partnerships @stopbigmoney.,"Washington, DC",,,,1
208246140,Michael Lyle,MjLyle,Tue Oct 26 22:55:14 +0000 2010,1846,1971,4009,9046,84,,"Journalist with @NevadaCurrent. A gay, black, Christ-loving progressive. @unlv alum. Current @NewhouseSU @SyracuseU grad student.","Las Vegas, Nevada",https://t.co/MnXXOkcORZ,,,1
74829020,Machinists Union,MachinistsUnion,Wed Sep 16 20:28:33 +0000 2009,18699,1927,4293,15675,342,,"The International Association of Machinists & Aerospace Workers. 600,000 people making North America move. Stay in touch: https://t.co/gcgPb2FbNc",U.S. & Canada,,,,1
18510860,Mother Jones,MotherJones,Wed Dec 31 17:21:13 +0000 2008,780491,221,1512,201237,20541,,"Investigative journalism, politics, chart-tastic, sometimes sarcastic. Voted Magazine of the Year, 2017, by the National Association of Magazine Editors.",,https://t.co/F0ddSvYEjy,,,1
2888303193,Jackson Brown,Dreamwarrior5k,Sat Nov 22 21:13:39 +0000 2014,645,956,1737,4965,4,,Massachusetts Moms Demand Action Gun Owners Spokesperson and Gun Safety Advocate. Views are my own and may not reflect those of Moms Demand Action.,Momsdemandaction.org,,,,0
860123351154556928,Deadline White House,DeadlineWH,Thu May 04 13:26:02 +0000 2017,146866,177,881,5539,958,,Official Twitter account for @MSNBC's #DeadlineWH with @NicolleDWallace 4pm EST,"New York, NY",https://t.co/xxPQZpXxwx,,,1
905820571333746688,NARAL Pro-Choice Georgia,NARALGA,Thu Sep 07 15:50:28 +0000 2017,1759,526,3774,2698,22,,NARAL Pro-Choice Georgia fights to protect & expand reproductive freedom for all.,"Atlanta, GA",https://t.co/jer5PnSlnu,,,0
39596365,Abortion is still legal in Georgia,FWHC,Tue May 12 21:08:34 +0000 2009,4285,670,1264,11635,163,,We provide safe and compassionate abortion and gynecological care while also advocating to protect reproductive rights and laws.,"Atlanta, Georgia",http://t.co/qDEnMSvNSh,,,0
2831830240,Planned Parenthood Southeast Advocates,PPSE_Advocates,Wed Oct 15 15:21:55 +0000 2014,2783,522,449,1888,44,,"As the advocacy and political arm of Planned Parenthood Southeast, PPSE Advocates engage in electoral activities including voter education & mobilization.",,https://t.co/20dBEbxfE5,,,0
35716667,Dar'shun Kendrick,DarshunKendrick,Mon Apr 27 11:00:10 +0000 2009,9641,1204,8691,29634,201,,"Lover of #tech, #entrepreneurship & #politics. Recovering attorney, owner of @KendrickAAG & @techforallinc. Mother of Dezzy 🐶. AKA 💚💗 GA State Representative","Lithonia, GA",https://t.co/XNqo8TPPeB,,,1
850012597378326531,Bee Nguyen,BeeForGeorgia,Thu Apr 06 15:49:30 +0000 2017,5189,719,12776,1283,71,,"State Representative for Georgia House District 89. Card-carrying IBEW Local 613 member. Nonprofit director, doting aunt, dog lover, 2nd gen Viet. #YesBeeCan!","Atlanta, GA",https://t.co/ZO7tXmrNnX,,,0
768920906651439104,All Above All Action,AllAboveAllAct,Thu Aug 25 21:20:04 +0000 2016,1247,1130,1254,3421,16,,All* Above All Action Fund builds political power to lift bans that deny abortion coverage.,,https://t.co/hBVNycdkS5,,,0
1403424932,Jen Jordan,senatorjen,Sat May 04 21:22:30 +0000 2013,7218,1588,9845,12085,93,,"Lawyer, mom, and Democratic State Senator for GA's 6th District.","Atlanta, GA",https://t.co/qhnNJ6nxio,,,1
515034648,theSkimm,theskimm,Mon Mar 05 03:07:19 +0000 2012,247449,842,68615,15506,1937,,theSkimm makes it easier to live a smarter life. You're welcome. Join millions of others and get in on it here: https://t.co/JfVjbg4HJ7 #SkimmLife,,https://t.co/JfVjbg4HJ7,,,1
216065430,Stacey Abrams,staceyabrams,Mon Nov 15 18:12:10 +0000 2010,487947,1593,5511,10355,2070,,Founder of @fairfightaction & @faircount. Author of #LeadFromTheOutside. Co-founder @NowAccount & @TheFamilyRoom1. Writes rom-susp as Selena Montgomery.,Georgia,https://t.co/b2Dxhh1oYO,,,1
205392468,Face The Nation,FaceTheNation,Wed Oct 20 19:37:47 +0000 2010,474216,1291,19,27773,2366,,"Moderated by @margbrennan of @CBSNews, we are America's premier public affairs program |  📸 IG: @facethenation","Washington, DC",http://t.co/mEuxzh5BbK,,,1
4863187106,The Wing,the_wing,Fri Feb 05 07:19:00 +0000 2016,30448,309,5288,7989,217,,hello we are a work & community space designed for women,"Manhattan, NY",https://t.co/xXws5tMYOY,,,1
158414847,The Daily Show,TheDailyShow,Tue Jun 22 16:41:05 +0000 2010,7951132,531,1274,18985,37020,,Trevor Noah & The World’s Fakest News Team. Weeknights 11/10c @ComedyCentral. Tickets: https://t.co/otjFIiMtNU,,https://t.co/BAakBFaEGx,,,1
957024441338417154,Data for Progress,DataProgress,Fri Jan 26 22:56:22 +0000 2018,37432,1,981,2003,438,,"Using data to illuminate the most important stories in the country. Founded by @ColinJMcAuliffe, @_Jon_Green and @SeanMcElwee. We ❤️ memes. IG: dataforprogress",Github,https://t.co/yq2bhXxWqY,,,0
395102879,Linh Ta,linhmaita,Fri Oct 21 04:07:18 +0000 2011,1991,896,2670,7352,105,,Retail reporter @dmregister. Following @SenGillibrand on the caucus trail. Have a story? DM me or reach me at lta@dmreg.com.,"Des Moines, IA",https://t.co/rOn4J5gGDx,,,1
3305651181,Julian Brave NoiseCat,jnoisecat,Mon Jun 01 15:47:04 +0000 2015,5727,996,6095,557,96,,green new deal @dataprogress // narrative change @the_nhm // correspondent @thisisamerica // contributing editor @cangeo,,https://t.co/DBzhvPVMpy,,,1
33399352,Molly Redden,mtredden,Mon Apr 20 03:06:16 +0000 2009,11249,1123,2480,2187,350,,@HuffPost reporter. I cover working conditions in politics and how they determine who has access to political power and who doesn't. molly.redden@huffpost.com,"New York, NY",https://t.co/jqpuZ3lDeg,,,1
5741722,NPR Politics,nprpolitics,Thu May 03 14:45:05 +0000 2007,2790055,99441,1681,72913,30932,,Political coverage and conversation from @NPR. Check out the NPR Politics podcast https://t.co/uEWQ8L0XzO and subscribe to our newsletter https://t.co/mqP6dZvuIc,"Washington, DC",https://t.co/46mWjkSa5C,,,1
862430010,Fight For 15,fightfor15,Fri Oct 05 03:14:04 +0000 2012,52477,4232,56989,78586,786,,"International movement of underpaid workers taking a stand against poverty wages. We are winning, join us. #FightFor15",On Strike,https://t.co/PuA1voxOy1,,,1
5392522,NPR,NPR,Sun Apr 22 05:10:15 +0000 2007,7774022,70956,2534,179089,66476,,"News. Arts & Life. Music. Everything and more from NPR.

🕵️ Securely send us news tips: https://t.co/LPkf6Tsozm",,http://t.co/SoL86ga4RI,,,1
24454808,Erin D-R,ErinD_R,Sun Mar 15 00:05:14 +0000 2009,549,1186,342,1538,21,,"feminist, repro-rights advocate, Iowan, Iowa ED of @PPHeartland, @PPVotesIA, champion of good causes. thoughts are all mine.","Des Moines, IA",,,,0
26657119,MoveOn,MoveOn,Thu Mar 26 01:43:36 +0000 2009,345487,2676,5173,71816,6334,,"It's our democracy. Take action and get involved. Together, we can save it. https://t.co/jmLD2vTYG2",United States,https://t.co/75YvbpYTmT,,,1
19546942,Refinery29,Refinery29,Mon Jan 26 17:58:09 +0000 2009,1323590,2151,5140,93009,9853,,"The catalyst for women to feel, see, and claim their power.💪 We cover news, fashion, beauty, entertainment, wellness, and more. 📝","New York, NY",https://t.co/IV6feOqSCz,,,1
110899711,California Democratic Party,CA_Dem,Wed Feb 03 04:07:45 +0000 2010,32147,1823,5967,18095,748,,The official Twitter account of the nation’s largest state Democratic Party. #Californialeads,"California, USA",https://t.co/InexQGo6V1,,,1
23232204,Shane Goldmacher,ShaneGoldmacher,Sat Mar 07 20:42:24 +0000 2009,50915,2876,1110,48454,1878,,"New York Times national political reporter, Ex-@NYTMetro @POLITICO, @NationalJournal and @latimes. SF Giants fan. shane.goldmacher@nytimes.com","New York, NY",https://t.co/UmqCI5AhUx,,,1
2462317352,Christine Smith,cmarysmith,Thu Apr 24 22:39:41 +0000 2014,254,936,3619,1266,4,,"Professional policy nerd (#endDV), soccer player/fan, Native woman, UC Berkeley grad (#gobears) and celiac","Sacramento, CA",,,,0
133081348,Daniel Marans,danielmarans,Thu Apr 15 00:05:50 +0000 2010,9388,4512,6384,30881,311,,"Reporter, @HuffPost. daniel.marans@huffpost.com","New York, NY",https://t.co/i7Tn2Z6Kth,,,1
14032852,KatieBethell,KatieBethell,Tue Feb 26 22:37:30 +0000 2008,1496,1457,2932,2752,56,,Founder and Executive Director @PaidLeaveUS & @PLUSactionfund. Formerly @change and @momsrising. I also take people on awesome surf trips.,"San Francisco, CA",https://t.co/RciSanqJSW,,,0
15996416,Kristin Rowe-Finkbei,rowefinkbeiner,Tue Aug 26 13:50:50 +0000 2008,5083,1885,4167,7960,193,,"Kristin Rowe-Finkbeiner - MomsRising Executive Director/CEO, author, speaker, and radio host. #Risers *Views are my own.",,https://t.co/wXHgq7xWLa,,,1
14526877,Gabe Ortíz,TUSK81,Fri Apr 25 14:22:31 +0000 2008,44448,1637,95066,77270,1193,,"Staff writer, @DailyKos. Bylines: @Univision, @PRI, @WashingtonPost. Immigrant rights, LGBT+ rights. Cancer survivor. Catlady. Views here are my own.","San Francisco, CA",https://t.co/U7HRbkUkbQ,,,1
2176712888,Vicki Shabo,VShabo,Tue Nov 05 19:53:00 +0000 2013,1591,480,6134,5627,65,,"Senior. Fellow @NewAmerica, fmr @NPWF, @Lake_Research. Policy maven, strategist, lawyer working for #paidleave #equalpay #genderequity for all. Tweets are mine.","Washington, D.C.",https://t.co/TGsUKoMxES,,,0
213770488,Phoebe Waller-Bridge Over Troubled Water,Nico_Lang,Tue Nov 09 19:15:55 +0000 2010,6824,2641,8020,7565,161,,"Former: Politics reporter at INTO. Current: Award-winning reporter, freelance journalist for hire.   

Pitch me things: nico.maupin.lang@gmail.com.","Los Angeles, CA",,,,1
471996704,Wanda L. James,WandaLJames,Mon Jan 23 13:50:48 +0000 2012,3709,496,1207,905,53,,"Pot, Politics and Restaurants. In a nutshell, that's what I do...","Denver, CO",http://t.co/JAbJKDYfBb,,,0
2466899838,Blavity News,Blavity,Sun Apr 27 23:44:19 +0000 2014,209421,29527,24657,90933,2260,,News about culture for the millennials who drive it. Instagram: @blavity,"Los Angeles, CA",https://t.co/CUmFmynfet,,,1
15808765,Cory Booker,CoryBooker,Mon Aug 11 14:41:16 +0000 2008,4273220,92666,142,63818,18805,,"U.S. senator from New Jersey and Democratic candidate for president. Most tweets (and typos) are mine, some are my team’s.","Newark, NJ",https://t.co/4F50lUTrMs,,,1
39545828,Iowa Safe Schools,iowasafeschools,Tue May 12 17:17:22 +0000 2009,3100,12,440,3519,101,,"Statewide LGBTQ youth org 🏳️‍🌈 Education, Outreach & Advocacy; Home of the largest LGBTQ youth conference in the nation! #ProtectKidsStopBullying","Des Moines, IA",http://t.co/9gGNS6pzl6,,,0
20419538,Misyrlena Egkolfopoulou,misyrlena,Mon Feb 09 06:18:36 +0000 2009,1534,1612,2564,4335,89,,2020 reporter for Bloomberg News | Say it with me: Mis-er-lay-nah Egg-golf-oh-poo-loo,"Washington, DC",https://t.co/vfnclpkDiQ,,,1
1880725393,Sunrise Movement 🌅,sunrisemvmt,Wed Sep 18 20:00:13 +0000 2013,98864,2512,21578,8807,1132,,We are building an army of young people to stop climate change and create millions of good jobs in the process through a #GreenNewDeal.,United States,https://t.co/SHEkMCIfUb,,,1
8839632,NBC Nightly News with Lester Holt,NBCNightlyNews,Wed Sep 12 19:19:22 +0000 2007,976109,478,1714,132466,11011,,"Breaking news, in-depth reporting, context on news from around the world | Full episodes: https://t.co/xfi4YbHh0x | Newsletter: https://t.co/ACxkqB0LFh",New York,https://t.co/siVgviWIA1,,,1
79295663,Family Equality,family_equality,Fri Oct 02 21:47:09 +0000 2009,22911,3317,2513,10966,566,,"Family Equality is advancing legal and lived equality for #LGBTQ families, and for those who wish to form them. 🌈",National,https://t.co/l46td444OV,,,1
21337440,Children's Defense Fund,ChildDefender,Thu Feb 19 20:49:50 +0000 2009,45298,9795,3134,19962,1258,,Leading our nation since 1973 to ensure a level playing field for all children,United States,http://t.co/wjm31OqBcA,,,1
89992368,Ann McLane Kuster,AnnMcLaneKuster,Sat Nov 14 18:31:57 +0000 2009,4237,1246,94,1555,219,,"Thank you for visiting my campaign twitter page. If your intention was to visit my official House of Representatives Twitter page, visit http://t.co/kDgqqQpn9U","Concord, NH",http://t.co/4phZel5iY5,,,1
250386727,Everytown,Everytown,Fri Feb 11 00:24:16 +0000 2011,225308,8447,44138,19391,1898,,Everytown for Gun Safety is a movement of Americans working together to end gun violence and build safer communities.,,https://t.co/ytCphRec4I,,,1
4099171,Jessica Valenti,JessicaValenti,Wed Apr 11 00:45:08 +0000 2007,269740,1257,25198,1522,4961,,"Feminist author, @Medium columnist, Queens native. My bitch face never rests.","Brooklyn, NY",https://t.co/HHFmh15izp,,,1
14434063,NYT Politics,nytpolitics,Fri Apr 18 15:18:43 +0000 2008,450472,278,450,119603,9195,,"A fast-paced feed of news, analysis and dispatches from The New York Times political team. Sign up for the On Politics email: https://t.co/aKaal1cmqv",Washington Bureau,https://t.co/DYX7dqlKgz,,,1
16000856,UFCW,UFCW,Tue Aug 26 18:50:39 +0000 2008,82083,58050,9478,19619,1043,,"The United Food and Commercial Workers is a family of hard-working men and women building a better life together, serving their communities. #union #retail","Washington, DC",https://t.co/Lhq4ItX8BL,,,1
411194625,Renee Bracey Sherman,RBraceySherman,Sun Nov 13 03:31:53 +0000 2011,18537,1043,10449,60802,410,,”Beyoncé of Abortion Storytelling” • Reproductive Justice activist • Comms Strategist • Black Feminist • ”Queen of All Abortions” • renee@reneebraceysherman.com,DC but usually ✈️,https://t.co/83Nks3n2U6,,,1
188803750,Emerge America,EmergeAmerica,Thu Sep 09 16:43:15 +0000 2010,26938,2304,4076,10269,407,,"Emerge America is the premier training program for Democratic women. We inspire women to run, we hone their skills to win.","Washington, DC",https://t.co/pc8dUmFGH1,,,1
78776348,Jess Morales Rocketto,JessLivMo,Thu Oct 01 02:20:35 +0000 2009,20438,4044,3846,49447,380,,tell 'em why you're mad | building power @DomesticWorkers @CareInActionUSA @fams2gether @supermajority |❤️@RossMoRock | tweets are my personal opinions,American Airlines/Amtrak,https://t.co/QJeBffQt3D,,,0
15140227,"Kate Stayman-London, literal first of her name",_ksl,Tue Jun 17 00:03:05 +0000 2008,3625,487,6294,12937,74,,"Former writer for @hillaryclinton, debut novel coming from @randomhouse. Once described in a text thread as a bicoastal bisexual bicon.",,https://t.co/aioe5ASjnd,,,0
31077933,Patrick Burgwinkle,Burgwinkle,Tue Apr 14 07:13:07 +0000 2009,4564,1931,1138,21093,143,,Communications Director at @stopbigmoney. Politics. Cooking. Sports. My beagle.,,,,,0
14139584,Erin Matson,erintothemax,Thu Mar 13 14:07:42 +0000 2008,13077,2023,12126,38993,464,,"Co-Founder/Co-Director @Reproaction. Feminist leader + politics, abortion, parenting, eating disorder recovery. Views mine. Be awesome or don't bother.","Arlington, VA",https://t.co/BtumNiBZHC,,,0
939922981,Madam President,Madam_President,Sat Nov 10 20:56:32 +0000 2012,121223,106343,1734,9809,1502,,A project of @EMILYsList with the goal of electing the first woman President of the United States.,,http://t.co/agEg9GoGt9,,,1
2347049341,Vox,voxdotcom,Sun Feb 16 15:46:00 +0000 2014,841980,272,2377,107689,15768,,Understand the news. Sign up for our daily Vox Sentences newsletter: https://t.co/nusCRGhckq,,http://t.co/RnqX4a68G1,,,1
