User Id,Name,Screen Name,Created At,Followers,Following,Favorites,Tweets,Lists,Language,Bio,Location,URL,Timezone,UTC Offset,Verified
26637348,Tulsi Gabbard,TulsiGabbard,Thu Mar 26 00:14:32 +0000 2009,407887,3345,3222,8942,4331,,"Soldier. Veteran. Surfer. Congress. Candidate for President. (Use of TG's military rank, title, or photo do not imply Army or DoD endorsement.)",Hawai'i,https://t.co/cB1NbxNpqb,,,1
567651069,Nursing Clio,nursingclio,Mon Apr 30 21:28:01 +0000 2012,7536,986,3388,11250,154,,"A collaborative blog project that ties historical scholarship to present-day political, social, and cultural issues surrounding gender and medicine.",,https://t.co/sXNfeL0O7Z,,,0
63926780,Ron Wiley,ronwileykong,Sat Aug 08 07:09:24 +0000 2009,2351,819,934,13063,91,,KONG-FM93.5 morning radio guy Monday through Friday 5am to 10am and Saturdays 7am to 1pm.,Kaua`i   Hawai`i,https://t.co/tUTqz3z97P,,,0
3975816454,BKM Schools Maui,BkmSchools,Sat Oct 17 00:30:04 +0000 2015,129,48,15,174,7,,"Baldwin Kekaulike Maui Complex Area are the 20 Schools in Central, UpCountry and South Maui areas.  Our vision is Ma ka hana ka i`ke ~ Through doing one learns.","Wailuku, HI",https://t.co/hoK13ysBT7,,,0
20479321,khon2 News,KHONnews,Mon Feb 09 23:57:27 +0000 2009,113952,36359,1100,80512,1386,,This is the official Twitter account for khon2.,"Honolulu, Hawaii",https://t.co/W8CyGFVoY0,,,1
47285504,Mark Ruffalo,MarkRuffalo,Mon Jun 15 07:37:07 +0000 2009,5678493,1829,17398,41174,15246,,"I'm a husband, father, actor, director, and a climate change advocate with an eye on a better, brighter, cleaner, more hopeful future for all of us.",NYS,https://t.co/vVIXmBrJUh,,,1
573842268,RoseAnn DeMoro,RoseAnnDeMoro,Mon May 07 16:07:44 +0000 2012,48544,1629,34201,13323,745,,Social Change and Labor Activist for Life. Gone to the Revolution! #MedicareForAll #SinglePayer #S1804. https://t.co/TkW0uPLmQE,,,,,1
74829020,Machinists Union,MachinistsUnion,Wed Sep 16 20:28:33 +0000 2009,18699,1927,4293,15675,342,,"The International Association of Machinists & Aerospace Workers. 600,000 people making North America move. Stay in touch: https://t.co/gcgPb2FbNc",U.S. & Canada,,,,1
26044686,Ruth Hopkins,RuthH_Hopkins,Mon Mar 23 17:22:27 +0000 2009,77969,3610,32915,84445,1097,,"Dakota/Lakota Sioux writer, sensitivity reader, content creator, author & harbinger. Married. Bylines: @bustle @truthout @jezebel @TeenVogue @huffpost",Dakota makoche,https://t.co/fXkdGOQ2A8,,,0
841143344,Adam G. Simon,AdamSimonactor,Sun Sep 23 06:31:53 +0000 2012,3138,914,92298,8727,48,,"#SCREENWRITER #ACTOR #writer POINT BLANK, MAN DOWN, Co-Writer of THE RAID(2019)","Los Angeles, CA",https://t.co/7C6lkuHRLE,,,0
24109900,The Mission Continues,missioncontinue,Fri Mar 13 02:37:15 +0000 2009,19918,1186,2480,8790,406,,"Empowering veterans to continue their service, while empowering communities with the talent, skills and preparedness of veterans to generate visible impact.","St Louis, MO",https://t.co/ygwdFawedR,,,1
374199331,"JGreen, M.P.A.",jgreenSTPA,Thu Sep 15 21:51:10 +0000 2011,30673,28211,28257,61872,168,,"FL.Dir @VoteVets,M.P.A.,B.A.,American Studies,PubLaw DesertStormVet @BarryUniversity @EckerdCollege Alum @USArmy(Ret)@SOCCENT @US_SOCEUR 1/10thSF Bn INSCOM 🇺🇸",Tampa,https://t.co/YMo1ZWBgS4,,,0
762659520,Steven Padilla,StevenPadilla8,Fri Aug 17 00:51:43 +0000 2012,817,644,1388,2846,22,,"OIF09Vet 12B Army, RRT, Vets/Mil-Advocate/Speaker/Consultant/Organizational Ldrship, my opinions are my own. Headstrong West Coast Rep, Rt doesnt=endorsement","San Diego, CA",https://t.co/6A7uhWlQUx,,,0
72365128,Steven Olikara,StevenOlikara,Mon Sep 07 19:49:03 +0000 2009,3271,2657,1378,3432,105,,"Founder & President of @MActionProject, building a new generation of political leadership. Musician. @GlobalShapers @ForbesUnder30 @TrumanScholars @UWMadison.","Washington, DC",https://t.co/ULZ2R9rj3D,,,1
199400127,Global Trade Watch,PCGTW,Wed Oct 06 19:31:46 +0000 2010,16729,3081,2143,28732,694,,Public Citizen's Global Trade Watch was created in 1995 to promote government & corporate accountability in #globalization & #trade.,"Washington, D.C.",http://t.co/nRLUYvwfbK,,,0
466519303,John Nichols,NicholsUprising,Tue Jan 17 14:05:56 +0000 2012,71507,223,330,37758,1962,,@TheNation. @CapTimes. @freepress. @theprogressive. Follower of Tom Paine. Finishing a book on Henry Wallace. Host of Next Left podcast.,,https://t.co/5INkOzJebM,,,0
275361193,David Crosby,thedavidcrosby,Fri Apr 01 03:49:09 +0000 2011,136592,582,116417,51605,1200,,"musician, singer, songwriter. 'Here If You Listen' out now.",California,https://t.co/ukoETKDUPu,,,1
15807970,Georgianne Nienaber,nienaber,Mon Aug 11 13:21:31 +0000 2008,1176,964,600,1750,45,,,"Florida, USA",https://t.co/cwtxoaUmhl,,,0
731132367058968576,AM Joy w/Joy Reid,amjoyshow,Fri May 13 14:41:54 +0000 2016,431078,2031,1004,19514,2202,,"@JoyAnnReid hosts 'AM JOY' every Saturday and Sunday, 10 am-12 pm ET on @MSNBC. Follow the stimulating conversation on #AMJoy. Find Joy on Snapchat: joyannreid","New York, NY",,,,1
34113439,Sierra Club,SierraClub,Wed Apr 22 00:42:18 +0000 2009,351444,5028,6792,121346,6989,,"Since 1892, the Sierra Club has been working to protect communities, wild places, and the planet itself",,,,,1
1452649538,Hawaii News,HawaiiNews,Thu May 23 22:13:26 +0000 2013,13592,859,281,15048,398,,Reporting by Honolulu @CivilBeat.,"Honolulu, Hawaii",https://t.co/NxUxlhVs1h,,,1
113364160,Jordan,JordanChariton,Thu Feb 11 14:36:02 +0000 2010,87902,474,1211,32927,1248,,Journalist/CEO @StatusCoup | JOIN to Support Real Independent IN-THE-FIELD Journalism https://t.co/902LhXAlH3 | 5pm est M-F https://t.co/S876l1W7kO,"New York, NY",https://t.co/iy2ifRrdd5,,,1
16935292,Democracy Now!,democracynow,Thu Oct 23 20:47:35 +0000 2008,685143,6369,4951,88081,17041,,"Independent, daily global news hour anchored by Amy Goodman & Juan González. Stream M-F 8AM ET https://t.co/qj9euWzTVH. Support independent media—Donate today!","New York, NY",http://t.co/XZYcOgrqqm,,,1
818460870573441028,Tom Garrett,RepTomGarrett,Mon Jan 09 14:14:12 +0000 2017,7543,880,580,1467,257,,"Husband, Father, Army Veteran, Former Prosecutor, Virginia Senator, Former U.S. Congressman, VA-05.","Buckingham County, VA",https://t.co/z5XcBgb2Ci,,,1
3772908501,Tima Kurdi,TimaKurdi,Fri Sep 25 16:51:17 +0000 2015,1200,405,2266,1537,12,,Author of THE BOY ON THE BEACH الله يرحمكم Alan& Ghalib& Rehanna Kurdi https://t.co/LZgE8oNF0R,"British Columbia, Canada",https://t.co/pFxV0uXBHR,,,0
116819020,AARP Hawaii,AARPHawaii,Tue Feb 23 17:29:24 +0000 2010,2787,2268,3052,14906,122,,"Advocacy, education & community service for 50+ in Hawaii",Hawaii,https://t.co/2Tc9SNwzF7,,,0
627643516,Marianna Sotomayor,MariannaNBCNews,Thu Jul 05 19:01:06 +0000 2012,15705,1000,3271,10521,440,,2020 campaign embed @NBCNews • Formerly a reporter lurking the hallways of Capitol Hill • Florida bred & Peruvian food fed •    Insta 📸: mariannasotomayor,"Washington, DC",https://t.co/ExZwL7myQ0,,,1
15675138,CSPAN,cspan,Thu Jul 31 14:29:10 +0000 2008,1955623,8860,1441,40070,13864,,Capitol Hill. The White House. National Politics.,"Washington, D.C.",https://t.co/L3A4afzX6T,,,1
755505943308300288,JoseJFleming,jose26_Fleming,Tue Jul 19 20:53:48 +0000 2016,35,60,6854,5038,1,,,"New York, USA",,,,0
126424795,Star-Advertiser,StarAdvertiser,Thu Mar 25 20:54:58 +0000 2010,74724,89,88,150721,1577,,The Pulse of Paradise. Breaking news and information from Hawaii's largest news organization.,"Honolulu, Hawaii",https://t.co/qAgmZ6AxNe,,,1
701081673681637376,Jane O'Meara Sanders,janeosanders,Sat Feb 20 16:31:11 +0000 2016,84949,406,780,1439,570,,"Co-Founder of Sanders Institute. Wife, mother, grandmother, public servant. I believe in civil discourse & bold progressive ideas & block hateful posts.","Burlington, VT",https://t.co/TZ2pndR0eG,,,1
2838118517,AACN Policy,AACNPolicy,Mon Oct 20 14:09:38 +0000 2014,3199,758,587,2608,38,,"AACN is a nonpartisan organization that serves to educate and advocate for nursing education, research, and practice.","Washington, DC",https://t.co/hljgTvpy8C,,,0
20402945,CNBC,CNBC,Mon Feb 09 00:03:41 +0000 2009,3190939,699,205,288132,27595,,First in business worldwide.,"Englewood Cliffs, NJ",,,,1
10069612,AFL-CIO,AFLCIO,Thu Nov 08 15:58:10 +0000 2007,119303,6840,10300,74396,2688,,The voice of working people in America's unions. Fighting for an inclusive economy that lifts wages and creates a better life for all. #1u,"Washington, DC",https://t.co/kwCGcnBSGN,,,1
89370698,Rania Batrice,RaniaBatrice,Thu Nov 12 04:21:52 +0000 2009,2868,1094,6572,5068,55,,"#ProudPalestinian, political wonk, believer in people, #FeministandProud
Disclaimer: I work for people I support and support people I work for. Period.",,https://t.co/nwQB19APas,,,1
8241232,Anthony Quintano,AnthonyQuintano,Fri Aug 17 09:34:00 +0000 2007,28044,6784,60582,82924,1408,,"YouTuber, Photojournalist
Previously: NBC News, Recode, Honolulu Civil Beat, CNBC
Formerly from: New York, New Jersey, Hawaii","Westminster, CO",https://t.co/YJHhvCwQA8,,,1
15100219,love (for political purposes),GenePark,Thu Jun 12 19:35:25 +0000 2008,26890,4507,99055,62413,798,,waifu war correspondent @washingtonpost | @csuf Titan | Ancient Gamer circa 2600 | “These tweets are not emotional.” - @kanyewest,"Washington, D.C.",https://t.co/7LcNKe8qyA,,,1
348888457,Mike Cherry,MikeCherryWMUR,Fri Aug 05 05:00:26 +0000 2011,2730,1476,12010,10249,63,,"Texas Born. Haiku, Maui Raised. WMUR Anchor. ❤️ Hawaii, 🐶, 🥓 Past: KITV & Hawaii News Now/ Links & RTs aren’t endorsements. Opinions are my own.","Manchester, NH",https://t.co/T4LJvWwPOb,,,1
1395021,Maui Hawaii,Maui,Sun Mar 18 04:02:07 +0000 2007,28236,932,2107,18344,387,,"Maui residents sharing our favorite Hawaiian island with news, photos, & local updates.  ASK US A QUESTION ABOUT #MAUI #HAWAII","Maui, Hawaii",http://t.co/3Mya3Nvk5U,,,0
2374466929,Task & Purpose,TaskandPurpose,Wed Mar 05 23:04:12 +0000 2014,33909,0,1835,46250,684,,"News, culture, and analysis by and for the military community. Talk to us at tips@taskandpurpose.com or slide into our DM's.",Global,https://t.co/Oohz9DBan9,,,0
120153772,Women in the World,WomenintheWorld,Fri Mar 05 16:36:49 +0000 2010,348433,1770,12751,73097,4099,,Convening women leaders & change makers. Sharing stories & solutions to improve life for women+girls. & covering news surrounding it all. #WITW RTs≠endorsements,"New York, NY",https://t.co/rw8afE4gmO,,,1
39419180,Washington Nationals,Nationals,Tue May 12 03:06:48 +0000 2009,702774,654,15701,51576,5691,,"Official Twitter account of the 2012, '14, '16 & '17 NL East Champs.

Home of the National Pastime in the Nation’s Capital.",Nationals Park,https://t.co/EnOoHuvPrz,,,1
14007532,Frank Thorp V,frankthorp,Tue Feb 26 15:31:46 +0000 2008,62909,1723,5939,30424,1981,,Producer & Off-Air Reporter covering Congress at @NBCNews. Instagram: (frankthorpv) Also served as Chairman of the RTCA Exec. Committee.,"Washington, DC",https://t.co/8xx8pxDeCQ,,,1
16513335,VoteVets,votevets,Mon Sep 29 16:00:48 +0000 2008,160506,3628,11157,15452,1549,,"Blocked by @realDonaldTrump. Since 2006, 600K veterans, military families, & supporters have been electing Veterans to office & fighting for progressive values.",United States,https://t.co/7RdMwFqnKv,,,1
266975216,Kristofer Goldsmith,KrisGoldsmith85,Wed Mar 16 03:43:42 +0000 2011,3412,4995,8625,9812,75,,@VVAmerica Chief Investigator + Associate Director 4 Policy + Govt Affairs. Founder+Prez @HighGroundVets. I troll trolls who troll troops. @TrumanProject DefCon,"New York, NY",https://t.co/znwC1j5Qz8,,,0
2820463222,HFFA1463,HFFA1463,Thu Oct 09 20:10:46 +0000 2014,647,213,523,3046,26,,"Hawaii Fire Fighters Association, Local 1463 represents nearly 3,000 state and county Active Duty and Retired fire fighter members in the State of Hawaii.","Honolulu, Hawaii",http://t.co/IxqhA5WNdg,,,0
4159103179,Global War on Terrorism Memorial Foundation,GWOTMF,Sat Nov 07 16:50:08 +0000 2015,665,364,232,445,4,,"Designated by Congress to build the National #GWOTMemorial to honor all those who have supported our nation's longest war 🇺🇸 Follows, links ≠ endorsements","Washington, DC",https://t.co/RphQpaV7z6,,,0
10126672,U.S. Marines,USMC,Sat Nov 10 14:16:48 +0000 2007,1206593,219,1191,15010,6894,,"The official Twitter account of the United States Marine Corps. 

The appearance of links does not constitute endorsement.","Washington, D.C.",https://t.co/qoWkAdzU16,,,1
850479920362864640,RUN,RUNAAPI,Fri Apr 07 22:46:28 +0000 2017,1287,464,1265,976,11,,(RUN) | 21 million+ strong | Asian American and Pacific Islanders 🇺🇸,United States,https://t.co/hU0CeJIrXq,,,0
14308310,Laurie Cicotello,LaurieCicotello,Sat Apr 05 03:47:52 +0000 2008,4388,4102,547,60969,234,,Creative Visionary spreading Aloha and practicing Ahimsa!!,Hawai'i,https://t.co/hBdhx8aEIU,,,0
730833014658240513,Clay,ClayOahu,Thu May 12 18:52:23 +0000 2016,73,401,17261,4364,1,,"Skateboarder. Iraq Vet. Bmore has my heart. Living the life in paradise. Skate, surf, chill vibes. Instagram @claycarlsonhawaii","Waialua, HI",,,,0
519072324,Carmen Yulín Cruz,CarmenYulinCruz,Fri Mar 09 01:43:23 +0000 2012,251888,549,14959,41801,1014,,Cuenta Oficial de Carmen Yulin Cruz,San Juan,https://t.co/jB4HFHdQ3M,,,1
31310158,National Guard,USNationalGuard,Wed Apr 15 02:23:28 +0000 2009,469637,631,1607,25171,3594,,Official tweets from National Guard Bureau. National Guard: America's First Military Responders. (Following does not=endorsement),"54 states, territories and DC",http://t.co/jLZnyDy4hD,,,1
28349447,News of St. John,NewsofStJohn,Thu Apr 02 14:41:22 +0000 2009,8552,54,1751,6693,95,,"A blog about the daily happenings of St. John, US Virgin Islands.",,http://t.co/spVAlObG58,,,0
47550605,Kimié Miner,playkimie,Tue Jun 16 05:19:47 +0000 2009,6459,2443,6205,7445,89,,Singer/songwriter. #ProudAsTheSun out now! Subscribe for more on https://t.co/EmkbOa94d8 #Grammys NARA Voting Member😀,Hawai'i,https://t.co/AXlkYbawoY,,,1
185809250,Civil Eats,CivilEats,Wed Sep 01 22:05:47 +0000 2010,99398,548,49353,37399,3095,,Daily news about the U.S. food system. James Beard Publication of the Year. Support independent media: https://t.co/Zh4KxJePZA  https://t.co/2yFNX6lv0N,USA,https://t.co/nOVPV4r7Tj,,,1
848889049,Beth Lamb,vanambb,Thu Sep 27 08:22:08 +0000 2012,3187,2183,358415,22652,6,,vegan mom. army veteran. fmr deputy sheriff/corrections. #vets4Bernie 🇺🇸🔥,,,,,0
17998609,Smithsonian Magazine,SmithsonianMag,Tue Dec 09 18:52:17 +0000 2008,255565,547,643,111659,6444,,Official Twitter feed for Smithsonian magazine. @ replies may be reprinted in the magazine. Legal: http://t.co/FT9zvv7aQC,"Washington, D.C.",http://t.co/tDPmKOzpk2,,,1
56732499,Shane Levy,ShanELevy,Tue Jul 14 15:57:51 +0000 2009,1187,2239,8134,10318,80,,Comms at @sunrun. Former @SierraClub. Tweeting about #solar #batteries #cleanenergy. Opinions are my own. Let's Go Mets.,"San Francisco, CA",https://t.co/Y3boCh1oxa,,,0
30911195,Danielle Tucker,dt808traffic,Mon Apr 13 17:38:18 +0000 2009,9496,388,7455,69074,276,,Weekday AM/PM traffic reporter for @SummitMediaHawaii @HawaiiNewsNow CBS/NBC. Saturday host of @TheGolfClub on radio or online https://t.co/AgpyLdYrss,Hawaii,http://t.co/N30J6yPP2m,,,0
371551496,Simona Lightfoot,SimonaLightfoot,Sun Sep 11 02:31:11 +0000 2011,832,907,134,833,48,,"Director @POLITICOLive. 
Co-founder @EagerlyDC w/ @jeffdlightfoot. @AtlanticCouncil alumni. Proud Slovak 🇸🇰","Washington, DC",https://t.co/jEm9l8fZdV,,,0
12296312,IAVA,iava,Tue Jan 15 21:59:22 +0000 2008,69941,1832,14886,39658,1248,,"“Iraq & Afghanistan Veterans of America remains the most important organization representing the new generation of vets."" –@TIME",USA,https://t.co/hPTYap8v3M,,,1
13850422,CNN Politics,CNNPolitics,Sat Feb 23 03:12:49 +0000 2008,2831253,342,9,152118,15890,,"Political news, campaign stories and Washington coverage from CNN's political team.","Washington, D.C.",https://t.co/KWFMkrEjdY,,,1
28059888,Billy Hull,billyhull,Wed Apr 01 05:49:18 +0000 2009,2307,417,5696,28926,64,,Opinions are my own. Hawaii Grown/MMA at the Honolulu Star-Advertiser. Prep sports editor: https://t.co/3wrXxdDYZL,"Hawaii Kai, Oahu, Hawaii",https://t.co/qAgmZ6AxNe,,,1
198624698,UFC Europe,UFCEurope,Mon Oct 04 20:29:59 +0000 2010,426908,1821,4650,35100,1085,,Get #UFCCopenhagen 🇩🇰 tickets ⬇️,United Kingdom,https://t.co/epmOwtuiFm,,,1
19294991,Saving Places,SavingPlaces,Wed Jan 21 16:45:15 +0000 2009,31870,3023,31612,35376,1189,,The National Trust for Historic Preservation protects significant places representing our diverse cultural experience. Happy #PreservationMonth!,"Washington, DC",https://t.co/My16ypD2SE,,,1
16664681,Los Angeles Times,latimes,Thu Oct 09 11:07:42 +0000 2008,3387023,6920,2221,231000,31767,,Bringing L.A. to the world and the world to L.A. Subscribe now: https://t.co/4UQaQvNbCp,"El Segundo, CA",https://t.co/eTksmynSH7,,,1
29417304,deray,deray,Tue Apr 07 09:38:56 +0000 2009,1038707,908,52528,235367,8632,,"I will never betray my heart. Activist. Organizer. Educator. @PodSaveThePpl. Author, On The Other Side of Freedom. IG: iamderay (deray@thisisthemovement.org)",Wakanda,https://t.co/xXkdEPyxGQ,,,1
8775672,U.S. Army,USArmy,Mon Sep 10 01:04:15 +0000 2007,1385699,563,7074,34478,8915,,"Official Twitter page of the United States Army.  (Following, RTs and links ≠ endorsement)","Washington, D.C.",https://t.co/Yd6lLuxfbg,,,1
42296641,Max Holloway,BlessedMMA,Sun May 24 22:42:06 +0000 2009,295198,213,3518,20926,941,,Believer. UFC Champion.,"Wai'anae, Hawaii",https://t.co/ofaFDKTCrn,,,1
248843069,Maui County,CountyofMaui,Mon Feb 07 21:00:49 +0000 2011,12649,463,40,23519,308,,The OFFICIAL Twitter page for the County of Maui. Maui No Ka Oi folks.,"Wailuku, HI",http://t.co/nD22LGvHwU,,,1
17851248,University of Hawaii System,UHawaiiNews,Wed Dec 03 22:24:21 +0000 2008,30061,2253,5867,15060,679,,"10 campuses, 6 islands, 1 UH System #Hawaii #highered #UHohana",Hawaiian Islands,https://t.co/GqPySYpS5c,,,0
17773720,Michael Brune,bruneski,Mon Dec 01 07:01:47 +0000 2008,31056,2108,1700,8439,1067,,"Dad, husband, executive director of the @sierraclub, writer, Jersey Shore native, Little League coach, #Yankees fan. Optimist. Feminist.",,https://t.co/a7o7YipaA7,,,1
750717768778014720,SEC Country Alabama,SECCountryBama,Wed Jul 06 15:47:18 +0000 2016,9999,3488,681,8926,107,,"Marq Burnett (@Marq_Burnett), Christopher Walsh (@WritingWalsh), Chris Kirschner (@ChrisKirschner) cover the Crimson Tide like nobody else. From Cox Media Group","Tuscaloosa, AL",https://t.co/YjBueoOBnU,,,1
42258864,SEC Network,SECNetwork,Sun May 24 18:44:31 +0000 2009,885746,389,3635,29680,4064,,"Official account for the SEC ESPN Network. LEGALESE: If you send us a tweet, you consent to letting ESPN and the SEC use & showcase it in any media.","Charlotte, NC",https://t.co/7PVeUnp758,,,1
22449367,World Surf League,wsl,Mon Mar 02 04:13:57 +0000 2009,1993727,1060,43460,35342,3008,,"This is the official Twitter account of the WSL. World's best surfers, world's best waves 🏄🏼🏄🏼‍♀️",Planet Earth,https://t.co/h4LiyRIPUb,,,1
14296273,Common Dreams,commondreams,Thu Apr 03 19:54:13 +0000 2008,63818,2034,259,47459,2874,,Breaking News & Views for the Progressive Community,"Portland, ME, USA",http://t.co/jPvkcfqiXi,,,0
13393052,ACLU,ACLU,Tue Feb 12 16:27:34 +0000 2008,1625771,5671,19677,46088,15411,,"The ACLU is a nonprofit, nonpartisan, legal and advocacy 501(c)(4) organization. Visit our site for more about us and our affiliated org, the ACLU Foundation.",All 50 states,https://t.co/AF1gbNeaRA,,,1
97516144,Hawaii EMA,Hawaii_EMA,Thu Dec 17 20:13:14 +0000 2009,29337,390,159,5174,672,,Hawaii Emergency Management Agency's social media accounts not monitored 24/7. Call 9-1-1 for emergencies.,"Honolulu, Hawaii",https://t.co/5YSttDPXFi,,,1
14671170,Hawaii News Now,HawaiiNewsNow,Tue May 06 08:44:08 +0000 2008,161726,1764,142,132026,2512,,Hawaii's News Leader for Breaking News and Severe Weather. #HINews,"Honolulu, Hawaii",http://t.co/HRMEhAyLv6,,,1
281809469,Oahu Emergency Mgmt.,Oahu_DEM,Thu Apr 14 00:56:15 +0000 2011,17316,186,189,2865,447,,The official Twitter account for the C&C of Honolulu Department of Emergency Management. Account not monitored constantly. If you have an emergency call 9-1-1.,"Honolulu, Hawaii",https://t.co/xtfeo076Xn,,,1
304054410,NWSHonolulu,NWSHonolulu,Mon May 23 21:14:19 +0000 2011,30697,90,184,5540,852,,"Providing weather, hydrologic, and climate forecasts and warnings for the protection of life and property and the enhancement of the U.S. economy.","Honolulu, HI",https://t.co/LUdXzFv9FA,,,1
26976905,Justin Cruz,JustinCruzNEWS,Fri Mar 27 09:34:38 +0000 2009,19477,21062,433,9647,386,,"KHON2 News Weather Anchor.  Tweets about life, news,weather alerts etc. Professional emcee and business owner. Weather pics & news stories: jcruz@khon2.com.","Honolulu, Hawaii USA",http://t.co/wxcdLMtWpf,,,0
15923797,KITV4,KITV4,Wed Aug 20 21:47:13 +0000 2008,35141,15387,2918,164695,1162,,This is the official Twitter account for KITV4 News. E Komo Mai!,"Honolulu, Hawaii",http://t.co/rkcawbWhy3,,,1
1525867752,Ciara Torres-Spelliscy,ProfCiara,Mon Jun 17 21:08:40 +0000 2013,3773,5003,64055,64983,214,,Curious about how the world works. Focused on $ in politics. Books = @politicalbrands @CorporatCitizen @BrennanCenter fellow @harvard grad https://t.co/0xAQKzbMJ9,"Gulfport, FL",https://t.co/qr85TTv5gp,,,0
342863309,Beto O'Rourke,BetoORourke,Tue Jul 26 18:05:52 +0000 2011,1436610,796,3284,6441,5409,,,"El Paso, TX",https://t.co/W2jeGJ9ErW,,,1
22948683,Amanda Jacobs,CoastalMAJ,Thu Mar 05 17:35:15 +0000 2009,1023,657,24419,12032,17,,"Sunshine Coast, Aust Pluviophile Veteran Globe Trotter Potty Mouth Highly Sarcastic, Constant Learner MMA Lover 🌧🐶🏠","Queensland, Australia",https://t.co/LuPSzSLKfm,,,0
319874829,Rob DeMello,RobDeMelloKHON,Sat Jun 18 22:17:31 +0000 2011,6283,1174,18040,12480,0,,Proud Father x 3 || Husband || @KHONnews Sports Director || #Cover2 powered by @RamsNFL || @specsportshi || https://t.co/56qmI2ef7P voter || #GoBows ||,"Honolulu, O'ahu, Hawai'i",https://t.co/z7FIGpiDZJ,,,1
39547629,The King Center,TheKingCenter,Tue May 12 17:26:01 +0000 2009,82705,470,8205,15274,875,,"The official living memorial to #MLK, founded by #CorettaScottKing to educate on nonviolence and build the #BelovedCommunity. #Nonviolence365®️. #Atlanta","Atlanta, GA",https://t.co/Q4wXZvJP75,,,1
97732452,Robin Hood Tax,RobinHoodTax,Fri Dec 18 19:30:42 +0000 2009,29956,6747,9568,24179,661,,The Robin Hood Tax is a tiny tax of  0.5% on Wall Street financial transactions that would generate $300 Billion annually to fund human needs!,United States,http://t.co/MZZJEwTIfD,,,1
763189151835443200,RHS Student Council,radfordstuco,Wed Aug 10 01:44:07 +0000 2016,218,206,156,222,1,,Follow for the latest and upcoming news with Radford Student Council!,"Honolulu, HI",https://t.co/m3zBaHrbKb,,,0
799727085329653760,Island School,IslandSchoolHI,Fri Nov 18 21:32:50 +0000 2016,112,91,142,460,2,,"An independent college preparatory school that fosters creativity, critical thinking, initiative and respect for self and others.","Lihue, HI",,,,0
1690320570,BHS Information,hpbaldwinhs,Thu Aug 22 07:44:43 +0000 2013,458,161,1835,6342,8,,"Henry Perrine Baldwin High School is a public school on Maui, serving the Wailuku, Iao, Waikapu, Waiehu, Waihee, Paukukalo and Kahakuloa communities. Go Bears!","Wailuku, Hawaii",https://t.co/B5RGny0FIU,,,0
1917731,The Hill,thehill,Thu Mar 22 18:15:18 +0000 2007,3297374,252,25,587037,26069,,"The Hill is the premier source for policy and political news. Follow for tweets on what's happening in Washington, breaking news and retweets of our reporters.","Washington, DC",http://t.co/t414UtTRv4,,,1
37759112,ACLU of Hawaii,acluhawaii,Mon May 04 21:02:39 +0000 2009,4646,3527,1375,3881,115,,"Private, non-profit, non-partisan. This account is the property of the American Civil Liberties Union of Hawai'i, a registered 501(c)(4) organization",IG: @acluhawaii,http://t.co/I3cllhyVGZ,,,0
28479007,Colleen Hanabusa,ColleenHanabusa,Fri Apr 03 02:15:51 +0000 2009,5062,3644,343,3159,296,,"Hawai'i's 1st District Rep., wife, attorney, former Hawai'i State Senate President, Waianae native, UH alum, Frannie and Li’i’s mom.","Honolulu, HI",,,,0
850543150909333505,Peace Love & Joy,DraftTulsi,Sat Apr 08 02:57:44 +0000 2017,1,4221,88698,93714,0,,#LeadWithLove #LeadWithCourage,Tulsi’s Foxhole,,,,0
14529929,Jake Tapper,jaketapper,Fri Apr 25 17:23:28 +0000 2008,2075711,7575,24904,194863,21930,,CNN Anchor of @TheLeadCNN and @CNNSOTU and Chief Washington Correspondent; author of the NYT best-selling novel @TheHellfireClub and non fiction @TheOutpostBook,,https://t.co/MMatLD6M20,,,1
15418628,Matt McDermott,mattmfm,Sun Jul 13 20:52:38 +0000 2008,77488,1721,28694,38202,1799,,Pollster by trade. Director Whitman Insight Strategies. Campaign Board @VictoryFund. Dad to @YucaJones.,RI → DC → NYC,https://t.co/ODBRHUkfwl,,,1
789126584791867392,Sanders Institute,TheSandersInst,Thu Oct 20 15:30:14 +0000 2016,14935,83,3778,2382,168,,True democracy requires an informed electorate.,,https://t.co/Yu2TkRMI2e,,,1
62290422,Ben Stiller,RedHourBen,Sun Aug 02 16:21:43 +0000 2009,5769315,574,13513,5349,29004,,UNHCR Goodwill Ambassador @Refugees,Red Hour Films - Los Angeles,,,,1
15300520,Food & Water Watch,foodandwater,Wed Jul 02 18:38:42 +0000 2008,73118,3044,5697,20783,2325,,"Working to protect people's health, communities, and democracy from destructive corporations since 2005! Fight like you live here!  #BanFracking",Headquartered in D.C.,https://t.co/VSqDCSKvS9,,,1
28785486,ABC News,ABC,Sat Apr 04 12:40:32 +0000 2009,14369283,537,39,256842,56424,,"All the news and information you need to see, curated by the @ABC News team. https://t.co/PKeobr4xt0 Tips: https://t.co/2ICEX6CuXd",New York City / Worldwide,https://t.co/7mnR2AtpOn,,,1
38519123,Lynn Kawano,LynnKawano,Thu May 07 21:16:30 +0000 2009,4955,150,2916,5133,162,,"Reporter/Anchor, Chiefs fan, wknd beach bum, proud UH Manoa grad. 📺 from HI 👉🏽 Boise 👉🏽 Kansas City 👉🏽 Dallas👉🏽 Home 🌴 will work 4 Kim Chee Fried Rice","Honolulu, Hawai'i",https://t.co/siW5rMnVK4,,,1
302404672,Mileka Lincoln,MilekaLincoln,Sat May 21 04:06:10 +0000 2011,12825,596,3991,9944,308,,@HawaiiNewsNow reporter. Cupcake addict. Scrabble nut. There's #NoPlaceLikeHome & nothing more amazing than returning to a place you love to do what you love!,"Honolulu, Hawai'i",https://t.co/YQvI1Qr7zn,,,1
2515448870,#cut50,cut_50,Thu May 22 13:31:35 +0000 2014,17100,3071,17390,13130,243,,Bipartisan initiative to cut crime + incarcerated population in half. Co-Founded by @VanJones68 @jessymichele @matthaneysf & powered by @thedreamcorps.,info@cut50.org,https://t.co/CZU0aLMoeO,,,1
115172311,Vera,verainstitute,Wed Feb 17 21:07:03 +0000 2010,42338,2589,6110,14836,989,,"We’re fighting every day to secure equal justice for all, end mass incarceration, and strengthen families and communities across America.",NYC/DC/LA/NOLA,https://t.co/hDWGqYki2v,,,1
139909832,Mic,mic,Tue May 04 01:19:41 +0000 2010,190305,1206,14347,89851,4324,,Reporting on the most important issues through diverse perspectives.,NYC,https://t.co/MGV16ZrHvP,,,1
16547587,Leo Shane III,LeoShane,Wed Oct 01 18:19:22 +0000 2008,20422,448,0,37255,836,,"Deputy editor for Military Times, former vets reporter for Stars & Stripes. Philly sports fan trapped in DC. Don't judge me by past or future haircuts.","Washington, DC",https://t.co/baz3SjwuTX,,,1
15012486,CBS News,CBSNews,Thu Jun 05 00:54:31 +0000 2008,6773867,454,288,217943,49972,,Your source for original reporting and trusted news.,"New York, NY",https://t.co/VGut7r2Vg5,,,1
593893034,Twitter DC,TwitterDC,Tue May 29 17:38:03 +0000 2012,22675,60,682,496,267,,Representing Twitter in our Nation's Capital,"Washington, DC",https://t.co/shF9qbrIQ8,,,1
12,jack 🌍🌏🌎,jack,Tue Mar 21 20:50:14 +0000 2006,4193679,3924,23506,25876,28141,,,,,,,1
3044716203,Karen About Flint,karenaboutflint,Wed Feb 18 23:28:52 +0000 2015,4029,1256,3421,2880,93,,Mayor Karen Weaver,"Flint, MI",https://t.co/SlmGygnd4x,,,1
17823423,Big Island Video News,bigislandnews,Wed Dec 03 00:28:08 +0000 2008,5239,1004,339,6060,205,,Video news and updates from the Big Island of Hawaii,Hawaii Island,http://t.co/MZ7DTW4C1R,,,0
3432209199,Niko House,nikoCSFB,Thu Aug 20 01:21:57 +0000 2015,16398,1774,18454,24163,166,,Founder @mcscnetwork Host of Mi Casa Es Su Casa. For Inquiries: nikoforthepeople@gmail.com.,"Miami, FL",https://t.co/aMtH8LjUa0,,,0
18018355,AprilDRyan,AprilDRyan,Wed Dec 10 13:03:05 +0000 2008,545648,4958,20070,50281,3978,,"Author, Mother, White House Correspondent & Washington Bureau Chief- American Urban Radio Networks, CNN Political Analyst 🎙","Washington, D.C.",https://t.co/gpSEaWXRvy,,,1
21146733,NationalNursesUnited,NationalNurses,Tue Feb 17 23:38:56 +0000 2009,41871,2856,9016,24478,898,,"National Nurses United: The largest RN Union in U.S. history, with more than 150,000 nurses nationwide. Executive Director is @NNUBonnie",United States of America,https://t.co/swuX2THRNn,,,1
454313925,National Weather Service,NWS,Tue Jan 03 21:24:25 +0000 2012,2756894,304,2680,22298,8513,,Official Twitter account for NOAA's National Weather Service. Details: http://t.co/mRyGMdRYT3,United States,http://t.co/UDExAKE2TP,,,1
184647530,Dose,dose,Mon Aug 30 03:19:43 +0000 2010,831843,236,1985,51173,6052,,"Get your daily Dose of the most interesting photos, facts, videos, and news online at https://t.co/zYqiqRIwQ1","Chicago, Illinois",https://t.co/DauACrQTC5,,,1
66628517,Common Cause Hawaii,CommonCauseHI,Tue Aug 18 08:05:07 +0000 2009,3067,984,778,4088,178,,Nonpartisan nonprofit protecting Hawaii's political process and strengthening our democracy. Follows + retweets ≠ endorsement.,Hawaii,https://t.co/8jn2PvZTFb,,,1
820115025868324864,Army-Baylor DPT,USArmyBaylorDPT,Sat Jan 14 03:47:13 +0000 2017,567,394,1320,745,2,,"Official Twitter page for Army-Baylor DPT. CAPTE accredited, 2.5 year, entry level DPT program at FT Sam Houston, TX. Following, RTs and links ≠ endorsement. 🇺🇸",JBSA Ft. Sam Houston,https://t.co/PC88wVNvj6,,,0
826578672551227393,West Hawaii CHC,westhawaiichc,Tue Jan 31 23:51:27 +0000 2017,79,176,98,333,2,,,"Kailua-Kona, HI",,,,0
2884771,Newsweek,Newsweek,Thu Mar 29 19:51:11 +0000 2007,3333741,503,2737,201690,37824,,"Stay relevant. News and analysis on politics, science, technology, and culture. Our staff likes to tweet: https://t.co/9nAK2YjGoz","New York, NY",https://t.co/92gD7evE72,,,1
933271290,Hawai‘i DOE,HIDOE808,Thu Nov 08 00:27:01 +0000 2012,10980,1157,17555,17079,286,,"Official Twitter account for the Hawai‘i State Department of Education, serving about 180,000 students attending 292 public and charter schools. #HI4PublicEd",Hawaii,http://t.co/wLklWclYiH,,,1
14460611,Little League,LittleLeague,Mon Apr 21 11:01:56 +0000 2008,79837,147,2582,11267,470,,Official Twitter account for Little League Baseball and Softball. Find your league today: https://t.co/s88NEew62X! #LLWS,"Williamsport, PA",https://t.co/p6Xt6bjnYA,,,1
824008859589058561,Mayor Harry Kim,MayorHarryKim,Tue Jan 24 21:39:56 +0000 2017,1527,7,16,1398,74,,"Current Mayor of Hawai'i County.

Let’s strive to be a community of trust based on transparency, excellent communication, and collaborative problem solving.","Hawaii, USA",https://t.co/MufYe6XMiM,,,0
245424983,Randi Weingarten,rweingarten,Mon Jan 31 17:30:51 +0000 2011,90928,3018,2241,127742,2017,,"President, AFT- a union of professionals,over 100 years old & committed to public schooling,health care & public services 4 our children, families & communities","Washington, DC",https://t.co/h2s3sxrVeY,,,1
952945668032778240,Brave Not Perfect Podcast,braveperfectpod,Mon Jan 15 16:48:46 +0000 2018,469,78,313,229,5,,"A podcast featuring conversations with Reshma Saujani and brave, not perfect, changemakers.",,https://t.co/yLLlBgUeMp,,,0
430995737,Girls Who Code,GirlsWhoCode,Wed Dec 07 20:07:48 +0000 2011,286684,6968,25183,11026,4145,,"We're a non-profit that works to inspire, educate, and equip girls with the computing skills to pursue 21st century opportunities. Join the movement!",United States + Canada + United Kingdom + India,https://t.co/9HeLGaXyYa,,,1
1176994477,The Lead CNN,TheLeadCNN,Wed Feb 13 22:17:40 +0000 2013,152532,384,207,27736,1798,,The Lead with @jaketapper airs at 4pm ET on CNN.,,http://t.co/Ioy35ZzEhw,,,1
57614826,Unite Here! Local 5 #1job,uniteherehawaii,Fri Jul 17 11:03:10 +0000 2009,1669,893,3215,3624,45,,"UNITE HERE Local 5 represents 11,000 workers throughout Hawaii who work in the hospitality, health care and food service industries","Honolulu, HI",https://t.co/mQ6mYnYmCU,,,0
1042344566,Tim McHenry,TimMcHenryRubin,Fri Dec 28 14:35:57 +0000 2012,298,127,43,780,13,,Resident impresario and Director of Programs and Engagement at the @RubinMuseum of Art in New York City.,New York,http://t.co/ZVqGi2iZzi,,,0
216065430,Stacey Abrams,staceyabrams,Mon Nov 15 18:12:10 +0000 2010,487947,1593,5511,10355,2070,,Founder of @fairfightaction & @faircount. Author of #LeadFromTheOutside. Co-founder @NowAccount & @TheFamilyRoom1. Writes rom-susp as Selena Montgomery.,Georgia,https://t.co/b2Dxhh1oYO,,,1
465046121,Andrew Gillum,AndrewGillum,Sun Jan 15 22:17:54 +0000 2012,595434,990,5684,7846,2127,,Father of three. Husband to R. Jai. Proud Floridian.,"Tallahassee, Florida",https://t.co/ZKcegRgRW1,,,1
733361389515968512,"Dr. Mike Regan, DACM",DrMikeRegan,Thu May 19 18:19:15 +0000 2016,160,676,17347,5561,1,,"Your body was designed by nature to function brilliantly. At Wellness By Design, we integrate modern medical science with ancient healing wisdom.",NY | CA,https://t.co/71IDbUUjKK,,,0
156653779,World Central Kitchen,WCKitchen,Thu Jun 17 14:33:43 +0000 2010,43886,1392,5052,6977,396,,"Founded by @chefjoseandres in 2010. Wherever there is a fight so that hungry people may eat, we will be there. #ChefsForThePeople","Washington, DC + The World",,,,1
811350,Alexis Ohanian Sr. 🚀,alexisohanian,Mon Mar 05 03:26:51 +0000 2007,272750,4634,37289,66321,4701,,"🚀 Cofounder & Managing Partner @Initialized (early stage VC, $36B in market value) 📖 Bestselling author ⬆️ Cofounder @Reddit 🎮 Owner @cloud9 👴🏻 @RealQaiQai",Worldwide,https://t.co/VU9vfPWTJo,,,1
258528134,Robbie Fox,RobbieBarstool,Sun Feb 27 22:53:54 +0000 2011,74969,736,36548,45967,519,,"punch and kick/nerd stuff for @barstoolsports || my mom's basement on mondays || slappa da bass, pup punk 🎸",📸: thatrobbiefox,https://t.co/ALBqIPdpyT,,,1
2715739032,Farah Hannoun,Farah_Hannoun,Fri Aug 08 01:06:05 +0000 2014,4056,605,1674,28750,114,,🇵🇸🇲🇦 Journalist for @MMAjunkie // Contact: farahannoun13@gmail.com #HalaMadrid,,https://t.co/eVxnWfLtCO,,,0
701725963,NowThis,nowthisnews,Tue Jul 17 20:31:08 +0000 2012,2353361,12234,12623,125718,9300,,Stories that move. Send us your tips: contact@nowthismedia.com,The Internet & NYC,http://t.co/1NLX7sJ52o,,,1
16815644,ABC News Politics,ABCPolitics,Thu Oct 16 22:43:16 +0000 2008,754478,476,72,127216,6358,,Reports from @ABC News' political team.,"Washington, DC",https://t.co/SO3M0qceOH,,,1
14173315,NBC News,NBCNews,Tue Mar 18 23:19:17 +0000 2008,6622536,1759,767,212312,41474,,The leading source of global news and info for more than 75 years. https://t.co/Hd7rJQeDzP,"New York, NY",https://t.co/Z73is4fJ3x,,,1
233842454,Justin Amash,justinamash,Tue Jan 04 07:09:11 +0000 2011,326845,5762,417,16133,4072,,"I defend #liberty • “Laws must be general, equal, and certain.” —F.A. Hayek",Third District of Michigan,,,,1
790472922850885633,Sushi-o-path,JurisImprudent,Mon Oct 24 08:40:06 +0000 2016,253,575,33663,9162,6,,I have no idea what millennials mean when they say that.,"Auburn, Alabama",,,,0
824301037414531072,Liesel Kershul,marinemilspouse,Wed Jan 25 17:00:56 +0000 2017,270,943,6262,3901,3,,Golden Retriever enthusiast. Unitarian Universalist. Applied Psychologist. Storyteller. Proud wife of a US Marine. All opinions my own. #Bernie2020,United States,https://t.co/37uzIDl0NZ,,,0
823044322497097729,Val,Valjohnson1294,Sun Jan 22 05:47:12 +0000 2017,294,378,10480,6820,0,,25. activist. leftist. my opinions are my own and do not reflect any organization/campaign I’m affiliated with.,"Fort Worth, TX",,,,0
3129585045,Marijuana Moment,MarijuanaMoment,Mon Mar 30 18:50:48 +0000 2015,10479,2,2,1993,174,,"Your top source for updates on the most important marijuana & cannabis news. Federal, state, international, business, science & culture. Editor: @tomangell",,https://t.co/8sfJLC0JKx,,,0
1017906646914224128,Cynthia Lazaroff,CynthiaLazaroff,Fri Jul 13 23:00:31 +0000 2018,622,1414,2640,887,9,,Founder of https://t.co/IJNUWr6rEP Founder of US-Russian Exchange Initiatives/Producer-Doc Filmmaker/Track II Diplomacy/Princeton-Politics & Russian Studies,,https://t.co/R2x9zy7KOK,,,0
44988185,NAACP,NAACP,Fri Jun 05 20:32:34 +0000 2009,401993,32037,8500,28521,4129,,"Founded 1909, the NAACP is the nation's first and largest grassroots–based civil rights organization. Over 2,000 volunteer-run branches nationwide.","Baltimore, MD",https://t.co/SfpEmDtN9O,,,1
879771304316071938,Fair Fight Action,fairfightaction,Tue Jun 27 18:39:59 +0000 2017,21488,150,5836,9851,136,,Fighting for free and fair elections — in Georgia and around the nation. ⠀⠀⠀⠀⠀⠀⠀⠀⠀⠀⠀ ⠀⠀⠀⠀,"Georgia, USA",https://t.co/H6j30LC3VC,,,0
131497030,Van Jones,VanJones68,Sat Apr 10 12:59:58 +0000 2010,827735,10233,24264,36418,8324,,DAD ... CEO: @REFORM ... @CNN HOST: #VanJonesShow & #RedemptionProject ... AUTHOR: Beyond The Messy Truth https://t.co/4iWXyNbkZQ,United States,https://t.co/RpJoxA42E2,,,1
19899980,Caitlin Johnstone ⏳,caitoz,Mon Feb 02 09:53:01 +0000 2009,48182,3989,29439,50575,887,,https://t.co/HnugA94wbW,Australia,https://t.co/B9doi7pMF9,,,0
20998647,The Weather Channel,weatherchannel,Mon Feb 16 16:21:12 +0000 2009,3551655,6271,14039,100235,16286,,"Daily weather news, tidbits, video and alerts from The Weather Channel. #ItsAmazingOutThere","Atlanta, GA",,,,1
958435057,Henry Louis Gates Jr,HenryLouisGates,Mon Nov 19 20:22:48 +0000 2012,93819,979,3395,5968,1181,,"Dir. of @HutchinsCenter, African & African American Research & Alphonse Fletcher University Professor, @Harvard. #FindingYourRoots + #ReconstructionPBS on @PBS.","Cambridge, MA",https://t.co/gnmRZpzmZM,,,1
2846082737,BAPS Public Affairs,BAPS_PubAffairs,Mon Oct 27 01:02:40 +0000 2014,1823,107,17,226,3,,The BAPS Office of Public Affairs represents one of the nation's leading Hindu organizations as it engages with elected officials & public servants in the U.S.,Washington DC / Piscataway NJ,https://t.co/icCPWlKXjA,,,0
1375289149,New Day,NewDay,Tue Apr 23 19:11:41 +0000 2013,322384,1265,6967,58246,1950,,Join Alisyn Camerota & @JohnBerman on CNN weekdays 6-9a ET for all the latest news. @VictorBlackwell & @Christi_Paul host weekends.,,https://t.co/5lCXrXkeS9,,,1
742453163098296320,Emma Vigeland,EmmaVigeland,Mon Jun 13 20:26:43 +0000 2016,51219,678,14137,13160,495,,"@TheYoungTurks Rebel HQ (@TYTPolitics) correspondent & producer. IG: @emmavigeland. ""Miserable NY sports fan"" is my side gig. Systemic corruption gave us Trump.","New York, NY",https://t.co/8UXYTcRyhF,,,1
21258337,The View,TheView,Thu Feb 19 00:18:04 +0000 2009,762168,1528,12952,56698,3573,,"The place to be heard! Your comments/handle may be used by The View, i.e., being published online/on TV.

Buy our new 'View' mug and more: https://t.co/TYBbcL2Oaw",Weekdays 11e|10c|p on ABC,https://t.co/mToQBTQhqU,,,1
80579719,Fisher House,FisherHouseFdtn,Wed Oct 07 13:43:23 +0000 2009,29339,8356,12853,8572,417,,"Fisher House Foundation provides ""a home away from home"" for military & veterans families while a loved one is in the hospital. CFC #11453",,http://t.co/c2GvZzSAnJ,,,1
1013374544,Tim Black ™,RealTimBlack,Sat Dec 15 15:02:40 +0000 2012,64081,19977,20671,41688,685,,"America’s Most watched Black Independent Media on the Left! Show Host, Social Critic, Pundit. Owner of TBTV. Fighter for Humanity. #timblackshow","Washington, DC",https://t.co/OrpoYyYHEG,,,1
15762708,NelsonMandela,NelsonMandela,Thu Aug 07 12:41:01 +0000 2008,1593169,27108,3479,14593,4708,,"The Nelson Mandela Foundation contributes to a just society by promoting the values, vision and work of our Founder #LivingTheLegacy RTs ≠ Endorsements","Houghton, South Africa",http://t.co/Z8bEsN02eS,,,1
441389311,The National Desk,TND,Tue Dec 20 01:45:39 +0000 2011,90622,1608,4158,37317,2093,,TND brings you award-winning local storytelling from @wearesinclair's newsrooms across the USA and live feeds from throughout the world.,United States,https://t.co/q4R69tVIY8,,,1
16465385,The Nobel Prize,NobelPrize,Fri Sep 26 08:47:58 +0000 2008,451114,575,481,8262,4878,,The official Twitter feed of the Nobel Prize @NobelPrize #NobelPrize,"Stockholm, Sweden",https://t.co/5YEscsEeZ9,,,1
2940964728,Iowa Starting Line,IAStartingLine,Tue Dec 23 16:50:35 +0000 2014,19776,1991,5254,34273,504,,Your home for Iowa Caucus and Iowa politics news and analysis. Founded in 2015 by former IA Dem staffer @patrynard.,,https://t.co/DpEAYnDMWv,,,0
3075856310,The Humanist Report🌹🏳️‍🌈,HumanistReport,Fri Mar 13 02:23:32 +0000 2015,51936,771,15921,14399,458,,"The official Twitter account for the progressive podcast The Humanist Report, ran by its host Mike Figueredo (he/him) | YouTube: https://t.co/dIL1mSNcvr",United States,https://t.co/4s5QWpgZRS,,,0
119829799,CBS Sunday Morning 🌞,CBSSunday,Thu Mar 04 19:35:08 +0000 2010,220989,416,504,17886,2063,,Looking for CBS News Sunday Morning in your area? Find out when it airs on TV stations across the nation: http://t.co/5cyDDT22,"Manhattan, NY",https://t.co/RYnRZp6AsQ,,,1
18208354,Joe Rogan,joerogan,Thu Dec 18 04:01:47 +0000 2008,5057702,3917,671,44397,20805,,Stand up comic/mixed martial arts fanatic/psychedelic adventurer Host of The Joe Rogan Experience #FreakParty https://t.co/caBUmcvqBY,,https://t.co/UoPqZeUr22,,,1
43963249,House Democrats,HouseDemocrats,Mon Jun 01 20:21:53 +0000 2009,845355,757,558,12945,6020,,Democratic Caucus of the United States Congress. Chairman: @RepJeffries; Vice Chair: @RepKClark.,"Washington, D.C.",https://t.co/Miu5R2DUwD,,,1
21862217,Krystal Ball,krystalball,Wed Feb 25 12:58:53 +0000 2009,158294,4280,1596,21709,2194,,"co-host Rising @hilltvlive Reversing the Apocalypse. Ella, Lolo and Ida Rose's mama!","King George, VA",https://t.co/edcDtPRvXH,,,1
11856892,Meet the Press,MeetThePress,Fri Jan 04 22:28:20 +0000 2008,589938,404,1494,61239,7009,,"Meet the Press is the longest-running television show in history. If it's Sunday, it's Meet the Press with @ChuckTodd. #MTP #IfItsSunday #MTPDaily","Washington, D.C.",https://t.co/uqtRXPrjFZ,,,1
15822295,CODEPINK,codepink,Tue Aug 12 13:44:56 +0000 2008,81556,26924,28008,56985,2146,,CODEPINK is a women-initiated grassroots peace and social justice movement. Join us ⤵️,Everywhere,https://t.co/0sPZhskHu4,,,1
1120799628843266055,TULSI 2020 New Hampshire,Tulsi2020NH,Tue Apr 23 21:20:29 +0000 2019,239,70,351,125,2,,"The official TULSI 2020 New Hampshire Volunteer Twitter feed! Stay tuned here for NH related news, events, volunteer information, and more.🌺🤙","New Hampshire, USA",https://t.co/214Gt7xqz4,,,0
1645430503,chuck madden ☮,chuckmaddenpics,Sun Aug 04 14:52:31 +0000 2013,2608,2112,44775,7646,42,,Photographer- Sound/Mastering Engineer - Peace Party- #NoMoreWar,Cincinnati,,,,0
73754019,Jaime Harrison,harrisonjaime,Sat Sep 12 22:51:23 +0000 2009,136767,5837,9932,14327,515,,"Son of a single mom. Born & raised in Orangeburg, SC. Fighting for working people. Running for US Senate to #SendLindseyHome. Join us ⬇️",South Carolina,https://t.co/yV5gPlbZhc,,,1
2490451809,Alyssa Julya Smith,IamAlyssaSmith,Thu Apr 17 19:39:36 +0000 2014,5784,450,3123,1777,81,,Real-Life Veronica Corningstone // West Coast News Anchor for @Cheddar,"Los Angeles, CA",https://t.co/Bkxt3zM1S8,,,1
43078558,Beatrice-Elizabeth Peterson,MissBeaE,Thu May 28 09:23:24 +0000 2009,5549,2131,30313,96042,213,,Covering 2020 🗳 at @ABC 📺📻🎥📝 Ex-fiddler who sometimes sings while picking a banjo. Email Beatrice.e.peterson@abc.com| IG/FB @Missbeae,"Washington, DC",,,,1
758328251861401600,Nicole Alexander Fisher,_nalexander,Wed Jul 27 15:48:39 +0000 2016,930,443,13971,3292,4,,"Writer, music industry professional. Work appears in @Forbes, @CNN.","Philadelphia, PA",,,,0
86424236,Micah Lee,micahflee,Fri Oct 30 23:56:15 +0000 2009,32761,931,3945,1707,1349,,"I do computer security, open source software development, and journalism at the Intercept.
Encrypted contact: https://t.co/7zgs7M76YQ",.onion,https://t.co/KgjIzMsRYk,,,1
120170305,Sarah Ewall-Wice,EwallWice,Fri Mar 05 17:38:21 +0000 2010,783,970,412,1283,33,,@CBSNews Political Unit | covering campaign 2020,"New York, NY",https://t.co/zKNRFMPmkV,,,1
174751002,Will Steakin,wsteaks,Wed Aug 04 18:47:53 +0000 2010,1980,3453,12851,1849,47,,@ABC News 2020 campaign reporter | @TheIJR alum | TIPS: will.t.steakin@abc.com DMs open wsteakin@protonmail.com (secure) cell: 646 581 5678,"Washington, DC",https://t.co/SO3M0qceOH,,,1
14345113,Washington Post Live,postlive,Wed Apr 09 20:11:18 +0000 2008,21389,838,835,12028,747,,Advancing the conversation from the live journalism division of @washingtonpost.,"Washington, D.C.",https://t.co/IonXuF0Qs8,,,1
47991586,Garrett Haake,GarrettHaake,Wed Jun 17 15:14:33 +0000 2009,54734,2672,22919,28877,1245,,Correspondent @msnbc • Taller than I look on TV • Long-suffering @SMU & @DallasCowboys fan • Dog dad to Shiner,Washington DC,https://t.co/5TAF6ijWwt,,,1
19574611,Brian C. Hall 🌺,brianchall,Tue Jan 27 03:16:53 +0000 2009,1078,355,30014,20616,20,,Former US Navy FMF Hospital Corpsman (8404). Occasional writer & photographer. Regular factory worker. #Tulsi2020 NH Volunteer.,"Portsmouth, NH, USA",https://t.co/fY5UVp8TTJ,,,0
24127811,Michael Tracey,mtracey,Fri Mar 13 04:31:49 +0000 2009,120709,1394,6079,90612,2554,,"Roving journalist, friend to all dogs mtracey@protonmail.com",NYC,https://t.co/1fOniHRRAi,,,1
19362341,Maria Shriver,mariashriver,Thu Jan 22 21:23:52 +0000 2009,2204190,204719,3080,14376,12138,,"Proud mom & NBC anchor. Founder of Shriver Media & @womensalz. Inspiring hearts & minds w/ #TheSundayPaper, my podcast, & #1 bestseller, “I’ve Been Thinking.”","Los Angeles, CA",https://t.co/Zjy3v8Ar1b,,,1
